latitude,longitude,bright_ti4,scan,track,acq_date,acq_time,satellite,instrument,confidence,version,bright_ti5,frp,daynight
38.84844,-76.78592,296.9,0.45,0.39,2025-05-19,646,N,VIIRS,n,2.0NRT,286.66,0.27,N
39.38831,-76.39544,296.53,0.44,0.38,2025-05-19,646,N,VIIRS,n,2.0NRT,285.26,0.24,N
39.42355,-74.54208,303.42,0.4,0.37,2025-05-19,646,N,VIIRS,n,2.0NRT,285.79,0.36,N
39.5846,-75.63691,301.58,0.42,0.38,2025-05-19,646,N,VIIRS,n,2.0NRT,288.54,0.89,N
39.58805,-75.63614,299.64,0.42,0.38,2025-05-19,646,N,VIIRS,n,2.0NRT,287.97,1.61,N
39.87574,-86.48754,297.87,0.46,0.64,2025-05-19,646,N,VIIRS,n,2.0NRT,270.72,1.14,N
39.93771,-76.81261,295.35,0.46,0.39,2025-05-19,646,N,VIIRS,n,2.0NRT,283.69,1.01,N
39.93837,-76.81805,301.82,0.46,0.39,2025-05-19,646,N,VIIRS,n,2.0NRT,283.18,0.85,N
39.94198,-76.81731,300.31,0.46,0.39,2025-05-19,646,N,VIIRS,n,2.0NRT,284.49,0.85,N
39.96313,-76.59804,310.52,0.45,0.39,2025-05-19,646,N,VIIRS,n,2.0NRT,284.3,1.24,N
40.06937,-74.76798,305.8,0.4,0.37,2025-05-19,646,N,VIIRS,n,2.0NRT,285.32,0.39,N
40.13796,-74.80845,309.17,0.4,0.37,2025-05-19,646,N,VIIRS,n,2.0NRT,285.17,0.55,N
40.15366,-74.77048,307.9,0.4,0.37,2025-05-19,646,N,VIIRS,n,2.0NRT,285.6,0.79,N
40.23584,-74.1177,296.56,0.39,0.36,2025-05-19,646,N,VIIRS,n,2.0NRT,284.78,0.18,N
40.24585,-74.11522,298.85,0.39,0.36,2025-05-19,646,N,VIIRS,n,2.0NRT,284.36,0.06,N
40.30512,-79.87604,296.96,0.42,0.45,2025-05-19,646,N,VIIRS,n,2.0NRT,285.77,0.96,N
40.30931,-80.60665,306.46,0.46,0.47,2025-05-19,646,N,VIIRS,n,2.0NRT,284.61,1.81,N
40.30969,-80.61115,304.03,0.46,0.47,2025-05-19,646,N,VIIRS,n,2.0NRT,282.83,2.32,N
40.39225,-79.85443,339.67,0.42,0.45,2025-05-19,646,N,VIIRS,n,2.0NRT,285.09,3.0,N
40.39272,-79.85949,315.64,0.42,0.45,2025-05-19,646,N,VIIRS,n,2.0NRT,285.2,4.87,N
40.39644,-79.85359,314.39,0.42,0.45,2025-05-19,646,N,VIIRS,n,2.0NRT,283.85,3.0,N
40.54159,-74.25502,295.73,0.4,0.37,2025-05-19,646,N,VIIRS,n,2.0NRT,284.52,0.48,N
40.56933,-83.13923,305.0,0.63,0.54,2025-05-19,646,N,VIIRS,n,2.0NRT,282.18,1.71,N
40.63426,-74.21994,297.55,0.4,0.37,2025-05-19,646,N,VIIRS,n,2.0NRT,286.9,0.99,N
40.63493,-74.22462,298.97,0.4,0.37,2025-05-19,646,N,VIIRS,n,2.0NRT,286.44,0.76,N
40.63694,-74.21444,301.92,0.4,0.37,2025-05-19,646,N,VIIRS,n,2.0NRT,285.02,1.01,N
40.63828,-74.2238,300.76,0.4,0.37,2025-05-19,646,N,VIIRS,n,2.0NRT,287.39,0.68,N
40.65104,-74.11211,300.47,0.4,0.37,2025-05-19,646,N,VIIRS,n,2.0NRT,283.37,0.63,N
40.75774,-81.43073,296.58,0.51,0.5,2025-05-19,646,N,VIIRS,n,2.0NRT,281.68,0.78,N
40.77354,-73.44035,296.56,0.39,0.36,2025-05-19,646,N,VIIRS,n,2.0NRT,282.82,0.34,N
40.85845,-75.26384,301.29,0.42,0.38,2025-05-19,646,N,VIIRS,n,2.0NRT,283.75,0.84,N
41.13005,-80.68967,299.7,0.47,0.48,2025-05-19,646,N,VIIRS,n,2.0NRT,280.95,0.84,N
41.1399,-80.6998,300.77,0.47,0.48,2025-05-19,646,N,VIIRS,n,2.0NRT,281.56,1.1,N
41.20639,-80.81797,300.15,0.48,0.48,2025-05-19,646,N,VIIRS,n,2.0NRT,281.23,0.7,N
41.22545,-83.20954,307.46,0.32,0.55,2025-05-19,646,N,VIIRS,n,2.0NRT,283.62,0.9,N
41.46123,-83.36683,302.35,0.33,0.55,2025-05-19,646,N,VIIRS,n,2.0NRT,283.77,1.11,N
41.46255,-83.3671,295.65,0.33,0.55,2025-05-19,646,N,VIIRS,n,2.0NRT,283.34,1.0,N
41.46638,-83.3663,324.1,0.33,0.55,2025-05-19,646,N,VIIRS,n,2.0NRT,285.51,1.11,N
41.4677,-83.36658,326.61,0.33,0.55,2025-05-19,646,N,VIIRS,n,2.0NRT,286.24,1.0,N
41.61589,-87.33081,297.79,0.53,0.67,2025-05-19,646,N,VIIRS,n,2.0NRT,274.59,0.76,N
41.62219,-87.33054,295.31,0.53,0.67,2025-05-19,646,N,VIIRS,n,2.0NRT,273.75,0.76,N
41.6271,-87.14305,314.65,0.52,0.66,2025-05-19,646,N,VIIRS,n,2.0NRT,270.86,1.65,N
41.62713,-87.37129,304.99,0.53,0.67,2025-05-19,646,N,VIIRS,n,2.0NRT,275.02,2.95,N
41.63063,-87.14777,299.35,0.52,0.67,2025-05-19,646,N,VIIRS,n,2.0NRT,269.44,2.28,N
41.63657,-87.1345,317.09,0.52,0.66,2025-05-19,646,N,VIIRS,n,2.0NRT,271.34,3.75,N
41.63672,-87.14097,305.45,0.52,0.66,2025-05-19,646,N,VIIRS,n,2.0NRT,271.69,2.71,N
41.63939,-87.13599,316.73,0.51,0.66,2025-05-19,646,N,VIIRS,n,2.0NRT,272.25,2.69,N
41.63959,-87.14249,313.69,0.52,0.66,2025-05-19,646,N,VIIRS,n,2.0NRT,271.82,2.69,N
41.64082,-87.41048,301.98,0.53,0.67,2025-05-19,646,N,VIIRS,n,2.0NRT,275.79,1.93,N
41.64296,-87.14076,316.93,0.52,0.66,2025-05-19,646,N,VIIRS,n,2.0NRT,271.4,2.71,N
41.66917,-87.45422,309.51,0.54,0.67,2025-05-19,646,N,VIIRS,n,2.0NRT,274.41,1.65,N
32.90366,-80.35484,300.96,0.55,0.43,2025-05-19,648,N,VIIRS,n,2.0NRT,288.52,0.72,N
33.00342,-79.87651,303.3,0.52,0.42,2025-05-19,648,N,VIIRS,n,2.0NRT,290.57,0.88,N
33.01242,-79.88655,330.95,0.53,0.42,2025-05-19,648,N,VIIRS,n,2.0NRT,290.7,4.47,N
33.01627,-79.8859,331.28,0.53,0.42,2025-05-19,648,N,VIIRS,n,2.0NRT,291.51,4.47,N
33.14286,-80.38165,298.75,0.56,0.43,2025-05-19,648,N,VIIRS,n,2.0NRT,288.66,0.83,N
33.42476,-79.44909,328.73,0.51,0.41,2025-05-19,648,N,VIIRS,n,2.0NRT,289.88,3.83,N
34.3763,-79.89068,306.25,0.54,0.42,2025-05-19,648,N,VIIRS,n,2.0NRT,275.07,1.43,N
34.37725,-79.89094,300.48,0.54,0.42,2025-05-19,648,N,VIIRS,n,2.0NRT,275.03,1.24,N
34.78991,-78.20084,307.32,0.46,0.39,2025-05-19,648,N,VIIRS,n,2.0NRT,287.73,0.79,N
34.83518,-79.24043,302.0,0.51,0.41,2025-05-19,648,N,VIIRS,n,2.0NRT,287.82,0.58,N
34.83594,-79.23555,299.48,0.51,0.41,2025-05-19,648,N,VIIRS,n,2.0NRT,289.1,0.57,N
34.98484,-78.46169,301.41,0.48,0.4,2025-05-19,648,N,VIIRS,n,2.0NRT,279.99,1.57,N
35.71151,-78.83627,300.26,0.5,0.41,2025-05-19,648,N,VIIRS,n,2.0NRT,290.17,0.7,N
37.06518,-77.18065,298.84,0.45,0.39,2025-05-19,648,N,VIIRS,n,2.0NRT,288.0,0.55,N
37.1798,-77.45046,308.09,0.46,0.39,2025-05-19,648,N,VIIRS,n,2.0NRT,290.41,1.28,N
37.18274,-77.4446,299.62,0.46,0.39,2025-05-19,648,N,VIIRS,n,2.0NRT,289.27,0.74,N
37.23415,-82.03822,313.2,0.51,0.49,2025-05-19,648,N,VIIRS,n,2.0NRT,283.98,2.21,N
37.27203,-79.99792,298.81,0.4,0.44,2025-05-19,648,N,VIIRS,n,2.0NRT,277.09,0.5,N
37.53861,-76.80682,308.27,0.44,0.38,2025-05-19,648,N,VIIRS,n,2.0NRT,292.55,0.84,N
37.77165,-77.98538,305.58,0.49,0.4,2025-05-19,648,N,VIIRS,n,2.0NRT,284.44,0.75,N
38.76361,-84.99879,311.13,0.38,0.59,2025-05-19,648,N,VIIRS,n,2.0NRT,285.46,1.18,N
38.8354,-84.24043,322.9,0.35,0.56,2025-05-19,648,N,VIIRS,n,2.0NRT,273.07,1.69,N
25.86054,-80.34484,313.51,0.46,0.39,2025-05-19,650,N,VIIRS,n,2.0NRT,295.12,2.06,N
26.28065,-80.15344,317.94,0.46,0.39,2025-05-19,650,N,VIIRS,n,2.0NRT,294.46,1.96,N
27.65344,-81.52241,309.33,0.55,0.43,2025-05-19,650,N,VIIRS,n,2.0NRT,293.77,1.97,N
29.23545,-89.38267,303.58,0.56,0.69,2025-05-19,650,N,VIIRS,n,2.0NRT,290.83,0.88,N
29.23561,-89.38358,303.72,0.56,0.69,2025-05-19,650,N,VIIRS,n,2.0NRT,291.36,0.7,N
29.99654,-90.40151,303.33,0.65,0.73,2025-05-19,650,N,VIIRS,n,2.0NRT,290.04,3.7,N
30.06025,-90.60442,300.98,0.67,0.74,2025-05-19,650,N,VIIRS,n,2.0NRT,287.91,1.4,N
30.68369,-81.4565,306.22,0.4,0.44,2025-05-19,650,N,VIIRS,n,2.0NRT,294.08,0.86,N
30.92822,-83.53068,327.79,0.52,0.5,2025-05-19,650,N,VIIRS,n,2.0NRT,280.48,3.56,N
30.93817,-88.01429,317.74,0.48,0.65,2025-05-19,650,N,VIIRS,n,2.0NRT,291.38,1.12,N
30.93949,-88.01328,310.69,0.48,0.65,2025-05-19,650,N,VIIRS,n,2.0NRT,291.46,1.48,N
30.93978,-88.01842,308.26,0.48,0.65,2025-05-19,650,N,VIIRS,n,2.0NRT,291.32,1.48,N
30.94422,-88.01376,303.05,0.48,0.65,2025-05-19,650,N,VIIRS,n,2.0NRT,291.47,1.12,N
31.10465,-87.09868,304.31,0.43,0.62,2025-05-19,650,N,VIIRS,n,2.0NRT,289.01,0.61,N
31.10564,-87.09915,304.4,0.43,0.62,2025-05-19,650,N,VIIRS,n,2.0NRT,289.22,0.61,N
31.14684,-87.98618,303.04,0.48,0.65,2025-05-19,650,N,VIIRS,n,2.0NRT,289.03,1.15,N
31.15176,-87.9894,318.05,0.48,0.65,2025-05-19,650,N,VIIRS,n,2.0NRT,290.24,2.94,N
31.15289,-87.98563,301.89,0.48,0.65,2025-05-19,650,N,VIIRS,n,2.0NRT,289.64,1.72,N
31.15319,-87.99081,306.84,0.48,0.65,2025-05-19,650,N,VIIRS,n,2.0NRT,289.78,1.8,N
31.44875,-87.72002,304.6,0.47,0.64,2025-05-19,650,N,VIIRS,n,2.0NRT,289.53,0.51,N
31.45077,-87.71967,301.87,0.47,0.64,2025-05-19,650,N,VIIRS,n,2.0NRT,289.34,0.86,N
31.6575,-81.84245,302.0,0.43,0.46,2025-05-19,650,N,VIIRS,n,2.0NRT,291.58,1.32,N
31.70903,-81.76378,303.39,0.42,0.45,2025-05-19,650,N,VIIRS,n,2.0NRT,289.92,0.7,N
40.31106,-80.60479,308.45,0.64,0.72,2025-05-19,826,N,VIIRS,n,2.0NRT,280.61,3.21,N
41.36372,-84.92253,317.03,0.37,0.58,2025-05-19,826,N,VIIRS,n,2.0NRT,276.71,1.63,N
41.36764,-84.91571,303.46,0.37,0.58,2025-05-19,826,N,VIIRS,n,2.0NRT,278.61,1.06,N
41.36884,-84.92003,304.6,0.37,0.58,2025-05-19,826,N,VIIRS,n,2.0NRT,279.14,1.19,N
41.37004,-84.92434,297.23,0.37,0.58,2025-05-19,826,N,VIIRS,n,2.0NRT,279.68,1.19,N
41.5676,-84.04315,304.11,0.41,0.6,2025-05-19,826,N,VIIRS,n,2.0NRT,278.76,2.05,N
41.5703,-84.05254,300.96,0.41,0.6,2025-05-19,826,N,VIIRS,n,2.0NRT,279.11,1.95,N
42.80104,-80.09977,303.94,0.57,0.69,2025-05-19,826,N,VIIRS,n,2.0NRT,279.19,3.19,N
42.8032,-80.10639,299.65,0.57,0.69,2025-05-19,826,N,VIIRS,n,2.0NRT,277.53,2.75,N
42.80701,-80.09624,323.7,0.57,0.69,2025-05-19,826,N,VIIRS,n,2.0NRT,279.66,3.55,N
42.80916,-80.10286,303.24,0.57,0.69,2025-05-19,826,N,VIIRS,n,2.0NRT,277.33,4.82,N
42.81295,-80.09265,307.48,0.57,0.69,2025-05-19,826,N,VIIRS,n,2.0NRT,278.3,3.55,N
36.19473,-95.81192,312.2,0.45,0.39,2025-05-19,828,N,VIIRS,n,2.0NRT,292.16,1.35,N
36.24249,-95.27432,302.48,0.47,0.39,2025-05-19,828,N,VIIRS,n,2.0NRT,290.75,0.54,N
36.51904,-97.83759,318.22,0.39,0.36,2025-05-19,828,N,VIIRS,n,2.0NRT,292.16,1.14,N
36.51978,-97.84196,303.74,0.39,0.36,2025-05-19,828,N,VIIRS,n,2.0NRT,291.65,1.14,N
36.68863,-97.71561,308.6,0.39,0.37,2025-05-19,828,N,VIIRS,n,2.0NRT,291.74,0.94,N
37.09088,-93.46493,306.05,0.54,0.42,2025-05-19,828,N,VIIRS,n,2.0NRT,287.37,0.94,N
37.53916,-101.19631,298.94,0.41,0.37,2025-05-19,828,N,VIIRS,n,2.0NRT,282.87,0.67,N
38.36127,-81.62016,299.97,0.66,0.73,2025-05-19,828,N,VIIRS,n,2.0NRT,283.59,1.71,N
38.36359,-81.6274,310.83,0.66,0.73,2025-05-19,828,N,VIIRS,n,2.0NRT,283.68,1.71,N
38.59729,-82.83192,299.23,0.56,0.69,2025-05-19,828,N,VIIRS,n,2.0NRT,280.98,1.64,N
38.59764,-82.82526,300.05,0.56,0.69,2025-05-19,828,N,VIIRS,n,2.0NRT,281.05,1.44,N
38.83438,-84.23844,319.12,0.47,0.64,2025-05-19,828,N,VIIRS,n,2.0NRT,272.69,2.18,N
38.99878,-87.72584,299.91,0.63,0.54,2025-05-19,828,N,VIIRS,n,2.0NRT,284.71,2.2,N
39.48335,-84.36046,296.49,0.45,0.63,2025-05-19,828,N,VIIRS,n,2.0NRT,280.09,0.96,N
39.48363,-84.36147,299.51,0.45,0.63,2025-05-19,828,N,VIIRS,n,2.0NRT,279.75,0.67,N
39.48516,-84.38826,295.26,0.45,0.63,2025-05-19,828,N,VIIRS,n,2.0NRT,281.48,0.67,N
39.48915,-84.3588,295.52,0.45,0.63,2025-05-19,828,N,VIIRS,n,2.0NRT,281.72,0.59,N
40.46325,-86.16286,311.54,0.34,0.56,2025-05-19,828,N,VIIRS,n,2.0NRT,278.8,0.8,N
28.97872,-95.34907,307.14,0.4,0.45,2025-05-19,830,N,VIIRS,n,2.0NRT,294.61,2.59,N
29.00263,-95.40306,306.41,0.4,0.44,2025-05-19,830,N,VIIRS,n,2.0NRT,293.73,1.46,N
29.33831,-97.11344,303.5,0.49,0.4,2025-05-19,830,N,VIIRS,n,2.0NRT,292.35,1.35,N
29.36931,-94.91073,305.28,0.42,0.45,2025-05-19,830,N,VIIRS,n,2.0NRT,293.26,2.23,N
29.37197,-94.92358,318.32,0.42,0.45,2025-05-19,830,N,VIIRS,n,2.0NRT,292.12,3.42,N
29.37463,-94.93637,304.34,0.42,0.45,2025-05-19,830,N,VIIRS,n,2.0NRT,291.97,2.14,N
29.37551,-94.94064,305.6,0.42,0.45,2025-05-19,830,N,VIIRS,n,2.0NRT,292.87,2.15,N
29.5771,-98.03361,320.48,0.44,0.39,2025-05-19,830,N,VIIRS,n,2.0NRT,279.52,2.74,N
29.59691,-89.89172,302.55,0.4,0.6,2025-05-19,830,N,VIIRS,n,2.0NRT,291.32,1.53,N
29.59697,-89.88936,304.21,0.4,0.6,2025-05-19,830,N,VIIRS,n,2.0NRT,291.46,1.42,N
29.59898,-89.89992,299.54,0.4,0.6,2025-05-19,830,N,VIIRS,n,2.0NRT,288.63,0.84,N
29.59899,-89.89758,305.69,0.4,0.6,2025-05-19,830,N,VIIRS,n,2.0NRT,290.3,0.86,N
29.75515,-93.87949,297.37,0.47,0.48,2025-05-19,830,N,VIIRS,n,2.0NRT,273.77,0.8,N
29.85392,-93.98019,340.03,0.46,0.47,2025-05-19,830,N,VIIRS,n,2.0NRT,269.15,5.37,N
29.85821,-93.97897,307.14,0.46,0.47,2025-05-19,830,N,VIIRS,n,2.0NRT,269.92,1.91,N
29.99459,-90.39672,306.46,0.37,0.58,2025-05-19,830,N,VIIRS,n,2.0NRT,292.52,1.61,N
29.99551,-90.4005,305.13,0.37,0.58,2025-05-19,830,N,VIIRS,n,2.0NRT,292.68,1.66,N
30.00072,-90.3988,307.4,0.37,0.58,2025-05-19,830,N,VIIRS,n,2.0NRT,292.88,1.16,N
30.00165,-90.40257,307.56,0.37,0.58,2025-05-19,830,N,VIIRS,n,2.0NRT,292.94,1.16,N
30.06031,-90.66681,306.95,0.35,0.57,2025-05-19,830,N,VIIRS,n,2.0NRT,292.21,1.2,N
30.06075,-90.59983,307.42,0.36,0.57,2025-05-19,830,N,VIIRS,n,2.0NRT,292.07,1.32,N
30.0659,-90.59816,304.44,0.36,0.57,2025-05-19,830,N,VIIRS,n,2.0NRT,292.78,1.32,N
30.43192,-86.15742,313.92,0.62,0.72,2025-05-19,830,N,VIIRS,n,2.0NRT,291.36,2.77,N
30.93916,-88.01425,328.2,0.48,0.65,2025-05-19,830,N,VIIRS,n,2.0NRT,292.07,4.05,N
31.14644,-87.98554,307.75,0.47,0.64,2025-05-19,830,N,VIIRS,n,2.0NRT,289.19,1.22,N
31.14775,-87.99048,300.2,0.47,0.64,2025-05-19,830,N,VIIRS,n,2.0NRT,286.86,1.12,N
31.26159,-103.6941,312.95,0.43,0.38,2025-05-19,830,N,VIIRS,n,2.0NRT,289.46,1.26,N
31.30863,-101.72345,323.18,0.39,0.36,2025-05-19,830,N,VIIRS,n,2.0NRT,293.93,1.01,N
31.31623,-101.79759,312.29,0.39,0.36,2025-05-19,830,N,VIIRS,n,2.0NRT,294.07,0.56,N
31.32011,-101.70852,313.79,0.39,0.36,2025-05-19,830,N,VIIRS,n,2.0NRT,293.74,1.03,N
31.32102,-101.8668,305.96,0.39,0.36,2025-05-19,830,N,VIIRS,n,2.0NRT,293.18,0.49,N
31.32258,-101.86369,304.82,0.39,0.36,2025-05-19,830,N,VIIRS,n,2.0NRT,293.3,0.25,N
31.33349,-101.84462,308.71,0.39,0.36,2025-05-19,830,N,VIIRS,n,2.0NRT,293.36,0.68,N
31.33802,-101.85213,305.9,0.39,0.36,2025-05-19,830,N,VIIRS,n,2.0NRT,293.42,0.26,N
31.35192,-96.17129,312.41,0.5,0.41,2025-05-19,830,N,VIIRS,n,2.0NRT,289.24,2.03,N
31.37202,-103.8195,300.63,0.44,0.38,2025-05-19,830,N,VIIRS,n,2.0NRT,289.34,0.67,N
31.39413,-101.97611,319.62,0.39,0.36,2025-05-19,830,N,VIIRS,n,2.0NRT,295.34,1.33,N
31.40411,-102.11438,328.48,0.4,0.37,2025-05-19,830,N,VIIRS,n,2.0NRT,295.03,1.83,N
31.42937,-102.12215,317.04,0.4,0.37,2025-05-19,830,N,VIIRS,n,2.0NRT,294.8,1.03,N
31.44539,-87.72021,299.75,0.48,0.65,2025-05-19,830,N,VIIRS,n,2.0NRT,284.73,0.74,N
31.48363,-102.15581,325.64,0.4,0.37,2025-05-19,830,N,VIIRS,n,2.0NRT,294.82,1.27,N
31.50859,-102.1851,333.32,0.4,0.37,2025-05-19,830,N,VIIRS,n,2.0NRT,295.78,3.11,N
31.55586,-102.20143,305.12,0.4,0.37,2025-05-19,830,N,VIIRS,n,2.0NRT,294.25,0.65,N
31.56041,-102.25639,305.2,0.4,0.37,2025-05-19,830,N,VIIRS,n,2.0NRT,293.44,0.75,N
31.56101,-102.26057,309.62,0.4,0.37,2025-05-19,830,N,VIIRS,n,2.0NRT,293.31,0.75,N
31.57963,-87.48962,299.84,0.49,0.65,2025-05-19,830,N,VIIRS,n,2.0NRT,285.44,1.13,N
31.58106,-102.96045,303.49,0.41,0.37,2025-05-19,830,N,VIIRS,n,2.0NRT,288.97,0.71,N
31.61381,-106.45811,305.08,0.39,0.44,2025-05-19,830,N,VIIRS,n,2.0NRT,286.96,0.68,N
31.72592,-102.63026,296.65,0.41,0.37,2025-05-19,830,N,VIIRS,n,2.0NRT,286.31,0.63,N
31.72742,-103.63243,306.29,0.44,0.38,2025-05-19,830,N,VIIRS,n,2.0NRT,287.91,0.65,N
31.74546,-102.54724,305.34,0.41,0.37,2025-05-19,830,N,VIIRS,n,2.0NRT,291.74,1.12,N
31.7543,-103.61803,302.84,0.44,0.38,2025-05-19,830,N,VIIRS,n,2.0NRT,289.71,1.09,N
31.77725,-103.62793,301.68,0.44,0.38,2025-05-19,830,N,VIIRS,n,2.0NRT,290.56,0.93,N
31.83212,-101.68538,310.67,0.39,0.36,2025-05-19,830,N,VIIRS,n,2.0NRT,294.9,1.01,N
31.85091,-102.60343,299.17,0.41,0.37,2025-05-19,830,N,VIIRS,n,2.0NRT,287.78,0.46,N
31.85891,-101.76227,307.76,0.39,0.36,2025-05-19,830,N,VIIRS,n,2.0NRT,294.27,0.6,N
31.8659,-101.83316,308.22,0.39,0.36,2025-05-19,830,N,VIIRS,n,2.0NRT,292.63,0.73,N
31.87801,-103.07262,296.27,0.42,0.38,2025-05-19,830,N,VIIRS,n,2.0NRT,285.59,0.16,N
31.9138,-103.49449,300.08,0.43,0.38,2025-05-19,830,N,VIIRS,n,2.0NRT,287.31,0.6,N
31.95059,-103.91281,301.89,0.45,0.39,2025-05-19,830,N,VIIRS,n,2.0NRT,287.01,0.36,N
31.96448,-106.58302,312.48,0.4,0.44,2025-05-19,830,N,VIIRS,n,2.0NRT,287.84,1.0,N
31.97448,-104.09912,332.72,0.46,0.39,2025-05-19,830,N,VIIRS,n,2.0NRT,288.28,2.84,N
31.97807,-104.09849,317.94,0.46,0.39,2025-05-19,830,N,VIIRS,n,2.0NRT,287.95,2.84,N
31.98142,-103.7046,300.84,0.44,0.38,2025-05-19,830,N,VIIRS,n,2.0NRT,290.0,0.82,N
32.02272,-101.99998,318.12,0.4,0.37,2025-05-19,830,N,VIIRS,n,2.0NRT,294.39,1.14,N
32.08784,-102.5536,304.52,0.41,0.37,2025-05-19,830,N,VIIRS,n,2.0NRT,287.99,0.76,N
32.17085,-101.65166,309.05,0.39,0.36,2025-05-19,830,N,VIIRS,n,2.0NRT,292.99,0.82,N
32.21222,-101.88702,327.46,0.4,0.37,2025-05-19,830,N,VIIRS,n,2.0NRT,295.44,2.07,N
32.21344,-101.84811,319.79,0.39,0.37,2025-05-19,830,N,VIIRS,n,2.0NRT,293.9,1.88,N
32.21613,-103.5254,300.87,0.44,0.38,2025-05-19,830,N,VIIRS,n,2.0NRT,288.77,0.82,N
32.21678,-101.84743,329.69,0.39,0.37,2025-05-19,830,N,VIIRS,n,2.0NRT,295.85,1.88,N
32.22025,-103.52937,306.69,0.44,0.38,2025-05-19,830,N,VIIRS,n,2.0NRT,288.14,0.82,N
32.22802,-101.59734,305.62,0.39,0.36,2025-05-19,830,N,VIIRS,n,2.0NRT,292.62,0.41,N
32.28061,-101.40971,307.61,0.39,0.36,2025-05-19,830,N,VIIRS,n,2.0NRT,295.78,1.6,N
32.31256,-90.13538,308.01,0.34,0.56,2025-05-19,830,N,VIIRS,n,2.0NRT,284.42,0.61,N
32.31428,-90.13364,303.31,0.34,0.56,2025-05-19,830,N,VIIRS,n,2.0NRT,284.47,0.63,N
32.31473,-102.06947,307.83,0.4,0.37,2025-05-19,830,N,VIIRS,n,2.0NRT,287.83,0.58,N
32.33784,-101.67896,322.33,0.39,0.36,2025-05-19,830,N,VIIRS,n,2.0NRT,293.7,1.1,N
32.39965,-101.73637,307.1,0.39,0.36,2025-05-19,830,N,VIIRS,n,2.0NRT,291.87,0.41,N
32.39972,-116.74151,298.68,0.77,0.77,2025-05-19,830,N,VIIRS,n,2.0NRT,284.12,1.46,N
32.4077,-101.28296,327.78,0.39,0.36,2025-05-19,830,N,VIIRS,n,2.0NRT,294.65,1.82,N
32.4307,-89.80305,305.75,0.35,0.57,2025-05-19,830,N,VIIRS,n,2.0NRT,286.78,0.32,N
32.48529,-101.35316,306.25,0.39,0.36,2025-05-19,830,N,VIIRS,n,2.0NRT,293.42,0.38,N
32.49692,-116.83276,297.15,0.78,0.78,2025-05-19,830,N,VIIRS,n,2.0NRT,283.36,1.7,N
32.49727,-116.83227,298.1,0.78,0.78,2025-05-19,830,N,VIIRS,n,2.0NRT,283.43,1.15,N
32.51736,-94.52687,313.43,0.39,0.44,2025-05-19,830,N,VIIRS,n,2.0NRT,286.41,1.87,N
32.87261,-107.78206,300.47,0.48,0.48,2025-05-19,830,N,VIIRS,n,2.0NRT,274.57,0.53,N
32.93657,-94.61328,297.16,0.56,0.43,2025-05-19,830,N,VIIRS,n,2.0NRT,281.9,1.07,N
32.97367,-102.74326,319.19,0.42,0.38,2025-05-19,830,N,VIIRS,n,2.0NRT,288.44,1.59,N
33.09549,-102.8744,298.58,0.42,0.38,2025-05-19,830,N,VIIRS,n,2.0NRT,285.69,0.37,N
33.41808,-110.85968,367.0,0.36,0.57,2025-05-19,830,N,VIIRS,h,2.0NRT,287.75,5.39,N
33.41835,-110.86344,322.67,0.36,0.58,2025-05-19,830,N,VIIRS,n,2.0NRT,286.08,5.39,N
33.46085,-102.55604,303.81,0.42,0.37,2025-05-19,830,N,VIIRS,n,2.0NRT,287.46,0.43,N
34.00786,-109.40527,295.55,0.61,0.53,2025-05-19,830,N,VIIRS,n,2.0NRT,272.67,1.62,N
34.01215,-109.40566,302.79,0.61,0.53,2025-05-19,830,N,VIIRS,n,2.0NRT,273.89,2.17,N
34.01282,-109.40491,302.95,0.61,0.53,2025-05-19,830,N,VIIRS,n,2.0NRT,274.23,1.62,N
36.35362,-114.9142,296.84,0.64,0.72,2025-05-19,830,N,VIIRS,n,2.0NRT,286.14,0.93,N
36.35402,-114.91003,297.74,0.64,0.72,2025-05-19,830,N,VIIRS,n,2.0NRT,286.41,1.95,N
36.36043,-114.91407,298.27,0.64,0.72,2025-05-19,830,N,VIIRS,n,2.0NRT,286.97,1.21,N
24.06966,-105.8279,301.69,0.45,0.39,2025-05-19,833,N,VIIRS,n,2.0NRT,285.24,0.77,N
24.07326,-105.82761,297.35,0.45,0.39,2025-05-19,833,N,VIIRS,n,2.0NRT,285.51,0.7,N
24.07756,-105.83231,298.05,0.45,0.39,2025-05-19,833,N,VIIRS,n,2.0NRT,287.6,0.91,N
24.07995,-105.82317,316.38,0.45,0.39,2025-05-19,833,N,VIIRS,n,2.0NRT,287.98,1.71,N
24.08359,-105.82309,310.85,0.45,0.39,2025-05-19,833,N,VIIRS,n,2.0NRT,288.61,1.71,N
24.08721,-105.82294,326.5,0.45,0.39,2025-05-19,833,N,VIIRS,n,2.0NRT,290.88,1.82,N
24.0889,-105.8352,299.51,0.45,0.39,2025-05-19,833,N,VIIRS,n,2.0NRT,287.63,0.41,N
24.0908,-105.82247,311.89,0.45,0.39,2025-05-19,833,N,VIIRS,n,2.0NRT,289.59,1.82,N
24.09135,-105.82647,303.11,0.45,0.39,2025-05-19,833,N,VIIRS,n,2.0NRT,287.86,1.82,N
24.09241,-105.83424,296.9,0.45,0.39,2025-05-19,833,N,VIIRS,n,2.0NRT,285.44,0.41,N
24.093,-105.8385,300.28,0.45,0.39,2025-05-19,833,N,VIIRS,n,2.0NRT,285.11,0.48,N
24.09493,-105.82596,340.3,0.45,0.39,2025-05-19,833,N,VIIRS,n,2.0NRT,291.7,6.34,N
24.09546,-105.8299,324.05,0.45,0.39,2025-05-19,833,N,VIIRS,n,2.0NRT,288.15,1.4,N
24.09596,-105.83352,302.24,0.45,0.39,2025-05-19,833,N,VIIRS,n,2.0NRT,284.91,1.4,N
24.09957,-105.83321,304.65,0.45,0.39,2025-05-19,833,N,VIIRS,n,2.0NRT,287.91,1.4,N
24.1007,-105.84144,302.95,0.45,0.39,2025-05-19,833,N,VIIRS,n,2.0NRT,285.05,1.08,N
24.10139,-105.84638,302.05,0.45,0.39,2025-05-19,833,N,VIIRS,n,2.0NRT,286.07,0.78,N
24.10319,-105.83298,314.27,0.45,0.39,2025-05-19,833,N,VIIRS,n,2.0NRT,290.23,1.94,N
24.10366,-105.83645,310.08,0.45,0.39,2025-05-19,833,N,VIIRS,n,2.0NRT,288.58,0.89,N
24.1429,-106.20308,302.08,0.47,0.4,2025-05-19,833,N,VIIRS,n,2.0NRT,288.5,0.77,N
24.3234,-106.83485,307.32,0.5,0.41,2025-05-19,833,N,VIIRS,n,2.0NRT,291.58,1.03,N
24.3319,-106.06491,296.28,0.46,0.39,2025-05-19,833,N,VIIRS,n,2.0NRT,284.19,0.85,N
24.33964,-106.06746,302.35,0.46,0.39,2025-05-19,833,N,VIIRS,n,2.0NRT,285.25,0.9,N
24.35111,-106.07032,314.11,0.46,0.39,2025-05-19,833,N,VIIRS,n,2.0NRT,285.47,3.25,N
24.35413,-106.06533,314.73,0.46,0.39,2025-05-19,833,N,VIIRS,n,2.0NRT,284.24,3.25,N
24.35473,-106.06975,343.27,0.46,0.39,2025-05-19,833,N,VIIRS,n,2.0NRT,289.71,3.25,N
24.35514,-106.0674,334.59,0.46,0.39,2025-05-19,833,N,VIIRS,n,2.0NRT,287.32,5.51,N
24.35536,-106.07437,302.81,0.46,0.39,2025-05-19,833,N,VIIRS,n,2.0NRT,285.34,1.86,N
24.35574,-106.0719,331.78,0.46,0.39,2025-05-19,833,N,VIIRS,n,2.0NRT,287.52,5.51,N
24.35778,-106.06502,295.7,0.46,0.39,2025-05-19,833,N,VIIRS,n,2.0NRT,283.49,2.06,N
24.35839,-106.06948,327.84,0.46,0.39,2025-05-19,833,N,VIIRS,n,2.0NRT,286.69,2.06,N
24.35902,-106.07409,314.74,0.46,0.39,2025-05-19,833,N,VIIRS,n,2.0NRT,286.76,4.62,N
24.35939,-106.07166,334.35,0.46,0.39,2025-05-19,833,N,VIIRS,n,2.0NRT,290.15,5.51,N
24.36205,-106.06921,315.52,0.46,0.39,2025-05-19,833,N,VIIRS,n,2.0NRT,284.11,2.06,N
24.36268,-106.07379,333.51,0.46,0.39,2025-05-19,833,N,VIIRS,n,2.0NRT,288.47,4.62,N
24.36304,-106.07135,333.7,0.46,0.39,2025-05-19,833,N,VIIRS,n,2.0NRT,286.28,2.23,N
24.36365,-106.07598,306.69,0.46,0.39,2025-05-19,833,N,VIIRS,n,2.0NRT,285.3,1.95,N
24.36666,-106.07079,307.97,0.46,0.39,2025-05-19,833,N,VIIRS,n,2.0NRT,283.61,2.23,N
24.36728,-106.07551,305.31,0.46,0.39,2025-05-19,833,N,VIIRS,n,2.0NRT,284.39,1.95,N
24.46354,-106.52506,317.05,0.49,0.4,2025-05-19,833,N,VIIRS,n,2.0NRT,290.04,2.33,N
24.46723,-106.52426,303.67,0.49,0.4,2025-05-19,833,N,VIIRS,n,2.0NRT,289.92,1.16,N
24.46861,-106.53486,318.92,0.49,0.4,2025-05-19,833,N,VIIRS,n,2.0NRT,292.62,4.03,N
24.46935,-106.54057,352.81,0.49,0.4,2025-05-19,833,N,VIIRS,n,2.0NRT,296.84,4.03,N
24.47004,-106.54594,312.83,0.49,0.4,2025-05-19,833,N,VIIRS,n,2.0NRT,291.36,2.31,N
24.47303,-106.53976,307.09,0.49,0.4,2025-05-19,833,N,VIIRS,n,2.0NRT,291.62,4.03,N
24.47374,-106.54517,311.0,0.49,0.4,2025-05-19,833,N,VIIRS,n,2.0NRT,292.54,2.31,N
24.47526,-106.52779,303.39,0.49,0.4,2025-05-19,833,N,VIIRS,n,2.0NRT,289.69,0.91,N
24.4797,-106.53278,303.04,0.49,0.4,2025-05-19,833,N,VIIRS,n,2.0NRT,290.77,2.11,N
24.48198,-106.52125,312.09,0.49,0.4,2025-05-19,833,N,VIIRS,n,2.0NRT,288.91,1.28,N
24.48382,-106.59333,311.03,0.49,0.4,2025-05-19,833,N,VIIRS,n,2.0NRT,292.93,1.12,N
24.48567,-106.52054,308.44,0.49,0.4,2025-05-19,833,N,VIIRS,n,2.0NRT,289.02,1.28,N
24.48695,-106.58819,311.28,0.49,0.4,2025-05-19,833,N,VIIRS,n,2.0NRT,292.07,2.47,N
24.48756,-106.59286,306.98,0.49,0.4,2025-05-19,833,N,VIIRS,n,2.0NRT,292.74,1.12,N
24.48818,-106.59764,303.83,0.49,0.4,2025-05-19,833,N,VIIRS,n,2.0NRT,292.23,1.12,N
24.48936,-106.51977,305.53,0.49,0.4,2025-05-19,833,N,VIIRS,n,2.0NRT,288.25,0.6,N
24.49001,-106.52473,300.46,0.49,0.4,2025-05-19,833,N,VIIRS,n,2.0NRT,289.16,0.6,N
24.49007,-106.58302,310.52,0.49,0.4,2025-05-19,833,N,VIIRS,n,2.0NRT,288.55,2.75,N
24.49069,-106.58775,334.6,0.49,0.4,2025-05-19,833,N,VIIRS,n,2.0NRT,293.35,2.75,N
24.49125,-106.56298,322.69,0.49,0.4,2025-05-19,833,N,VIIRS,n,2.0NRT,292.37,3.23,N
24.4913,-106.59242,309.28,0.49,0.4,2025-05-19,833,N,VIIRS,n,2.0NRT,292.6,1.11,N
24.4919,-106.56793,326.99,0.49,0.4,2025-05-19,833,N,VIIRS,n,2.0NRT,292.61,3.23,N
24.49192,-106.59713,304.71,0.49,0.4,2025-05-19,833,N,VIIRS,n,2.0NRT,292.34,1.11,N
24.49254,-106.57284,301.95,0.49,0.4,2025-05-19,833,N,VIIRS,n,2.0NRT,289.68,0.85,N
24.49358,-106.55187,304.34,0.49,0.4,2025-05-19,833,N,VIIRS,n,2.0NRT,292.6,1.54,N
24.49504,-106.53411,305.76,0.49,0.4,2025-05-19,833,N,VIIRS,n,2.0NRT,289.22,0.98,N
24.49505,-106.59199,307.23,0.49,0.4,2025-05-19,833,N,VIIRS,n,2.0NRT,290.44,1.11,N
24.49806,-106.52831,302.52,0.49,0.4,2025-05-19,833,N,VIIRS,n,2.0NRT,288.57,1.15,N
24.49878,-106.53377,308.5,0.49,0.4,2025-05-19,833,N,VIIRS,n,2.0NRT,288.71,1.15,N
24.49928,-106.9533,300.59,0.51,0.41,2025-05-19,833,N,VIIRS,n,2.0NRT,289.78,0.19,N
24.50027,-106.54505,305.97,0.49,0.4,2025-05-19,833,N,VIIRS,n,2.0NRT,292.12,1.04,N
24.50101,-106.55067,307.83,0.49,0.4,2025-05-19,833,N,VIIRS,n,2.0NRT,292.15,1.66,N
24.50401,-106.54465,303.89,0.49,0.4,2025-05-19,833,N,VIIRS,n,2.0NRT,291.54,1.04,N
24.50474,-106.55013,313.51,0.49,0.4,2025-05-19,833,N,VIIRS,n,2.0NRT,292.52,1.66,N
24.55796,-106.66076,303.5,0.5,0.41,2025-05-19,833,N,VIIRS,n,2.0NRT,292.48,0.9,N
24.61813,-105.55964,295.29,0.44,0.39,2025-05-19,833,N,VIIRS,n,2.0NRT,281.67,0.92,N
24.62108,-105.55464,300.58,0.44,0.39,2025-05-19,833,N,VIIRS,n,2.0NRT,281.94,0.92,N
24.69527,-106.65228,313.84,0.5,0.41,2025-05-19,833,N,VIIRS,n,2.0NRT,293.1,1.94,N
24.69589,-106.65708,313.26,0.5,0.41,2025-05-19,833,N,VIIRS,n,2.0NRT,293.54,2.39,N
24.69723,-106.66752,310.06,0.5,0.41,2025-05-19,833,N,VIIRS,n,2.0NRT,293.28,1.56,N
24.69901,-106.6516,327.91,0.5,0.41,2025-05-19,833,N,VIIRS,n,2.0NRT,294.11,2.07,N
24.69964,-106.65647,319.4,0.5,0.41,2025-05-19,833,N,VIIRS,n,2.0NRT,293.77,3.71,N
24.70099,-106.66695,304.4,0.5,0.41,2025-05-19,833,N,VIIRS,n,2.0NRT,292.56,0.93,N
24.70275,-106.65096,306.4,0.5,0.41,2025-05-19,833,N,VIIRS,n,2.0NRT,292.88,2.07,N
24.89327,-99.89386,319.16,0.43,0.38,2025-05-19,833,N,VIIRS,n,2.0NRT,292.09,3.01,N
24.89674,-99.89323,313.82,0.43,0.38,2025-05-19,833,N,VIIRS,n,2.0NRT,292.96,3.17,N
24.90147,-99.89976,313.08,0.43,0.38,2025-05-19,833,N,VIIRS,n,2.0NRT,294.34,2.45,N
25.03766,-106.26369,298.25,0.48,0.4,2025-05-19,833,N,VIIRS,n,2.0NRT,282.95,0.79,N
25.03826,-106.26828,309.24,0.48,0.4,2025-05-19,833,N,VIIRS,n,2.0NRT,282.74,2.55,N
25.04041,-107.3052,303.35,0.54,0.42,2025-05-19,833,N,VIIRS,n,2.0NRT,292.22,1.2,N
25.04194,-106.26772,300.08,0.48,0.4,2025-05-19,833,N,VIIRS,n,2.0NRT,282.65,1.58,N
25.04253,-106.27227,316.26,0.48,0.4,2025-05-19,833,N,VIIRS,n,2.0NRT,284.25,1.58,N
25.04312,-106.27683,317.89,0.48,0.4,2025-05-19,833,N,VIIRS,n,2.0NRT,285.23,2.14,N
25.04371,-106.28139,316.42,0.48,0.4,2025-05-19,833,N,VIIRS,n,2.0NRT,284.31,2.14,N
25.04498,-107.30991,309.77,0.54,0.42,2025-05-19,833,N,VIIRS,n,2.0NRT,293.52,2.51,N
25.0474,-106.28084,314.15,0.48,0.4,2025-05-19,833,N,VIIRS,n,2.0NRT,284.78,2.14,N
25.04953,-107.31441,304.61,0.54,0.42,2025-05-19,833,N,VIIRS,n,2.0NRT,293.8,1.88,N
25.04965,-107.31939,310.4,0.54,0.42,2025-05-19,833,N,VIIRS,n,2.0NRT,293.4,2.02,N
25.05027,-107.32026,314.47,0.54,0.42,2025-05-19,833,N,VIIRS,n,2.0NRT,292.99,1.88,N
25.05352,-107.31844,316.57,0.54,0.42,2025-05-19,833,N,VIIRS,n,2.0NRT,294.52,2.02,N
25.05414,-107.31934,313.59,0.54,0.42,2025-05-19,833,N,VIIRS,n,2.0NRT,293.78,2.61,N
25.05652,-107.30687,310.25,0.54,0.42,2025-05-19,833,N,VIIRS,n,2.0NRT,293.61,1.74,N
25.05741,-107.31767,316.08,0.54,0.42,2025-05-19,833,N,VIIRS,n,2.0NRT,295.0,2.99,N
25.05803,-107.31864,314.0,0.54,0.42,2025-05-19,833,N,VIIRS,n,2.0NRT,294.42,2.61,N
25.05991,-107.30544,308.15,0.54,0.42,2025-05-19,833,N,VIIRS,n,2.0NRT,293.38,2.5,N
25.06044,-107.30637,316.56,0.54,0.42,2025-05-19,833,N,VIIRS,n,2.0NRT,294.35,1.64,N
25.06058,-107.31097,317.62,0.54,0.42,2025-05-19,833,N,VIIRS,n,2.0NRT,294.63,2.5,N
25.06115,-107.3119,306.83,0.54,0.42,2025-05-19,833,N,VIIRS,n,2.0NRT,294.13,2.14,N
25.07832,-107.52559,304.13,0.56,0.43,2025-05-19,833,N,VIIRS,n,2.0NRT,291.96,1.45,N
25.1297,-106.50748,301.1,0.49,0.41,2025-05-19,833,N,VIIRS,n,2.0NRT,286.24,1.0,N
25.22892,-107.16067,310.39,0.53,0.42,2025-05-19,833,N,VIIRS,n,2.0NRT,292.42,1.78,N
25.23202,-107.15398,305.89,0.53,0.42,2025-05-19,833,N,VIIRS,n,2.0NRT,291.78,0.75,N
25.23273,-107.15959,303.74,0.53,0.42,2025-05-19,833,N,VIIRS,n,2.0NRT,291.99,1.44,N
25.23477,-107.17574,303.5,0.54,0.42,2025-05-19,833,N,VIIRS,n,2.0NRT,291.47,0.88,N
25.24603,-107.1411,305.26,0.53,0.42,2025-05-19,833,N,VIIRS,n,2.0NRT,292.27,0.9,N
25.24625,-107.1416,304.49,0.53,0.42,2025-05-19,833,N,VIIRS,n,2.0NRT,292.13,0.84,N
25.24661,-107.14578,303.0,0.53,0.42,2025-05-19,833,N,VIIRS,n,2.0NRT,291.8,0.9,N
25.25015,-107.14121,302.85,0.53,0.42,2025-05-19,833,N,VIIRS,n,2.0NRT,292.21,0.84,N
25.25832,-107.17724,303.46,0.54,0.42,2025-05-19,833,N,VIIRS,n,2.0NRT,291.88,0.65,N
25.25878,-107.17781,310.44,0.54,0.42,2025-05-19,833,N,VIIRS,n,2.0NRT,292.76,1.28,N
25.25904,-107.1832,303.16,0.54,0.42,2025-05-19,833,N,VIIRS,n,2.0NRT,292.41,1.04,N
25.26223,-107.17686,302.35,0.54,0.42,2025-05-19,833,N,VIIRS,n,2.0NRT,291.84,1.4,N
25.26269,-107.17748,303.66,0.54,0.42,2025-05-19,833,N,VIIRS,n,2.0NRT,291.7,1.28,N
25.26487,-107.16618,302.99,0.54,0.42,2025-05-19,833,N,VIIRS,n,2.0NRT,292.52,1.75,N
25.26553,-107.17153,309.02,0.54,0.42,2025-05-19,833,N,VIIRS,n,2.0NRT,293.16,1.4,N
25.26619,-107.17701,318.9,0.54,0.42,2025-05-19,833,N,VIIRS,n,2.0NRT,293.69,1.4,N
25.27046,-107.14706,302.89,0.53,0.42,2025-05-19,833,N,VIIRS,n,2.0NRT,291.2,1.01,N
25.27267,-107.16529,307.18,0.54,0.42,2025-05-19,833,N,VIIRS,n,2.0NRT,292.97,1.5,N
25.27374,-107.14168,303.22,0.53,0.42,2025-05-19,833,N,VIIRS,n,2.0NRT,292.27,0.33,N
25.27824,-107.14609,303.24,0.53,0.42,2025-05-19,833,N,VIIRS,n,2.0NRT,291.24,1.64,N
25.2796,-107.15717,302.73,0.54,0.42,2025-05-19,833,N,VIIRS,n,2.0NRT,291.6,1.4,N
25.28033,-107.16323,309.72,0.54,0.42,2025-05-19,833,N,VIIRS,n,2.0NRT,292.07,1.4,N
25.41472,-108.22355,299.08,0.41,0.45,2025-05-19,833,N,VIIRS,n,2.0NRT,286.46,0.53,N
25.41554,-107.19422,313.57,0.54,0.42,2025-05-19,833,N,VIIRS,n,2.0NRT,291.7,1.36,N
25.41763,-107.17908,310.38,0.54,0.42,2025-05-19,833,N,VIIRS,n,2.0NRT,292.45,2.45,N
25.41821,-107.18369,315.02,0.54,0.42,2025-05-19,833,N,VIIRS,n,2.0NRT,292.73,1.36,N
25.41878,-107.18829,308.07,0.54,0.42,2025-05-19,833,N,VIIRS,n,2.0NRT,291.4,1.36,N
25.42014,-107.19931,304.74,0.54,0.42,2025-05-19,833,N,VIIRS,n,2.0NRT,290.39,0.29,N
25.42026,-107.16833,304.08,0.54,0.42,2025-05-19,833,N,VIIRS,n,2.0NRT,292.52,1.11,N
25.42086,-107.17313,310.39,0.54,0.42,2025-05-19,833,N,VIIRS,n,2.0NRT,292.75,2.45,N
25.42147,-107.17808,329.36,0.54,0.42,2025-05-19,833,N,VIIRS,n,2.0NRT,293.99,2.45,N
25.42407,-107.19898,301.27,0.54,0.42,2025-05-19,833,N,VIIRS,n,2.0NRT,290.39,0.29,N
25.42415,-107.16773,320.08,0.54,0.42,2025-05-19,833,N,VIIRS,n,2.0NRT,293.55,1.62,N
25.42473,-107.17236,303.85,0.54,0.42,2025-05-19,833,N,VIIRS,n,2.0NRT,293.31,1.96,N
25.42805,-107.19902,306.91,0.54,0.42,2025-05-19,833,N,VIIRS,n,2.0NRT,291.64,0.79,N
25.42805,-107.1672,304.53,0.54,0.42,2025-05-19,833,N,VIIRS,n,2.0NRT,293.23,1.62,N
25.43197,-107.16684,326.64,0.54,0.42,2025-05-19,833,N,VIIRS,n,2.0NRT,294.21,3.61,N
25.43201,-107.19898,303.29,0.54,0.42,2025-05-19,833,N,VIIRS,n,2.0NRT,292.76,0.79,N
25.44758,-107.19646,304.07,0.54,0.42,2025-05-19,833,N,VIIRS,n,2.0NRT,292.56,1.04,N
25.47882,-107.19219,310.77,0.54,0.42,2025-05-19,833,N,VIIRS,n,2.0NRT,293.37,1.89,N
25.47926,-107.19713,312.31,0.54,0.42,2025-05-19,833,N,VIIRS,n,2.0NRT,294.46,2.51,N
25.47957,-107.1666,331.81,0.54,0.42,2025-05-19,833,N,VIIRS,n,2.0NRT,291.54,2.97,N
25.48016,-107.17142,312.52,0.54,0.42,2025-05-19,833,N,VIIRS,n,2.0NRT,290.55,2.97,N
25.48344,-107.16587,319.89,0.54,0.42,2025-05-19,833,N,VIIRS,n,2.0NRT,292.15,1.99,N
25.48406,-107.17094,321.72,0.54,0.42,2025-05-19,833,N,VIIRS,n,2.0NRT,291.19,1.99,N
25.4848,-107.1771,304.63,0.54,0.42,2025-05-19,833,N,VIIRS,n,2.0NRT,291.26,2.63,N
25.48796,-107.17036,318.2,0.54,0.42,2025-05-19,833,N,VIIRS,n,2.0NRT,291.42,1.99,N
25.60459,-100.91759,320.49,0.4,0.37,2025-05-19,833,N,VIIRS,n,2.0NRT,294.42,1.37,N
25.66496,-106.76858,307.82,0.52,0.41,2025-05-19,833,N,VIIRS,n,2.0NRT,283.73,1.3,N
25.66558,-106.77356,310.53,0.52,0.41,2025-05-19,833,N,VIIRS,n,2.0NRT,283.74,2.62,N
25.67947,-108.63282,299.41,0.44,0.46,2025-05-19,833,N,VIIRS,n,2.0NRT,285.63,0.6,N
25.69648,-100.29885,317.75,0.41,0.37,2025-05-19,833,N,VIIRS,n,2.0NRT,296.66,2.6,N
25.71752,-100.29861,310.02,0.41,0.37,2025-05-19,833,N,VIIRS,n,2.0NRT,295.13,1.37,N
25.72091,-100.29791,308.15,0.41,0.37,2025-05-19,833,N,VIIRS,n,2.0NRT,296.19,2.02,N
25.72212,-100.10431,320.32,0.41,0.37,2025-05-19,833,N,VIIRS,n,2.0NRT,293.02,7.1,N
25.72229,-100.306,314.44,0.41,0.37,2025-05-19,833,N,VIIRS,n,2.0NRT,296.09,1.77,N
25.74878,-100.31723,309.02,0.41,0.37,2025-05-19,833,N,VIIRS,n,2.0NRT,296.47,1.88,N
25.82955,-107.00144,295.94,0.53,0.42,2025-05-19,833,N,VIIRS,n,2.0NRT,283.89,1.0,N
25.83328,-106.99969,307.06,0.53,0.42,2025-05-19,833,N,VIIRS,n,2.0NRT,284.35,1.26,N
25.83406,-107.006,329.92,0.53,0.42,2025-05-19,833,N,VIIRS,n,2.0NRT,285.89,4.78,N
25.83701,-106.99797,299.4,0.53,0.42,2025-05-19,833,N,VIIRS,n,2.0NRT,282.0,1.26,N
25.91837,-106.95163,315.87,0.53,0.42,2025-05-19,833,N,VIIRS,n,2.0NRT,282.27,2.09,N
26.10591,-107.54845,305.73,0.38,0.43,2025-05-19,833,N,VIIRS,n,2.0NRT,291.65,1.16,N
26.28942,-107.56445,308.25,0.39,0.44,2025-05-19,833,N,VIIRS,n,2.0NRT,286.55,1.42,N
26.28991,-107.56867,315.67,0.39,0.44,2025-05-19,833,N,VIIRS,n,2.0NRT,285.94,1.42,N
26.29041,-107.57301,300.41,0.39,0.44,2025-05-19,833,N,VIIRS,n,2.0NRT,284.81,0.96,N
26.30714,-106.91426,296.33,0.54,0.42,2025-05-19,833,N,VIIRS,n,2.0NRT,272.79,0.49,N
26.30826,-109.04921,318.48,0.47,0.48,2025-05-19,833,N,VIIRS,n,2.0NRT,283.3,1.93,N
26.31416,-107.56614,302.78,0.39,0.44,2025-05-19,833,N,VIIRS,n,2.0NRT,284.58,0.81,N
26.31871,-107.56999,298.2,0.39,0.44,2025-05-19,833,N,VIIRS,n,2.0NRT,285.87,0.67,N
26.40887,-107.32712,296.78,0.56,0.43,2025-05-19,833,N,VIIRS,n,2.0NRT,283.82,0.87,N
26.52826,-107.32664,301.94,0.57,0.43,2025-05-19,833,N,VIIRS,n,2.0NRT,286.07,1.34,N
26.55845,-107.54345,324.83,0.39,0.44,2025-05-19,833,N,VIIRS,n,2.0NRT,292.12,2.47,N
26.55855,-107.09154,311.83,0.55,0.43,2025-05-19,833,N,VIIRS,n,2.0NRT,285.48,1.4,N
26.55902,-107.54821,300.21,0.39,0.44,2025-05-19,833,N,VIIRS,n,2.0NRT,290.05,0.88,N
26.55919,-107.09695,295.71,0.55,0.43,2025-05-19,833,N,VIIRS,n,2.0NRT,283.03,1.4,N
26.55988,-107.10269,295.11,0.55,0.43,2025-05-19,833,N,VIIRS,n,2.0NRT,283.34,0.51,N
26.56243,-107.09059,301.95,0.55,0.43,2025-05-19,833,N,VIIRS,n,2.0NRT,284.22,1.43,N
26.56282,-107.54573,306.65,0.39,0.44,2025-05-19,833,N,VIIRS,n,2.0NRT,290.0,0.88,N
26.56377,-107.10179,295.0,0.55,0.43,2025-05-19,833,N,VIIRS,n,2.0NRT,284.12,0.6,N
26.56769,-107.10114,295.05,0.55,0.43,2025-05-19,833,N,VIIRS,n,2.0NRT,284.67,0.6,N
26.57162,-107.10054,299.06,0.55,0.43,2025-05-19,833,N,VIIRS,n,2.0NRT,284.21,1.05,N
26.57937,-106.5615,306.44,0.52,0.41,2025-05-19,833,N,VIIRS,n,2.0NRT,282.03,1.68,N
26.58239,-106.5647,299.0,0.52,0.41,2025-05-19,833,N,VIIRS,n,2.0NRT,281.88,0.55,N
26.63322,-107.48122,295.81,0.39,0.44,2025-05-19,833,N,VIIRS,n,2.0NRT,284.62,0.44,N
26.65777,-107.54996,296.1,0.39,0.44,2025-05-19,833,N,VIIRS,n,2.0NRT,285.76,0.75,N
26.66181,-107.54943,309.66,0.39,0.44,2025-05-19,833,N,VIIRS,n,2.0NRT,287.36,0.75,N
26.66589,-107.54916,307.1,0.39,0.44,2025-05-19,833,N,VIIRS,n,2.0NRT,286.88,1.27,N
26.66997,-107.54896,306.72,0.39,0.44,2025-05-19,833,N,VIIRS,n,2.0NRT,287.15,1.27,N
26.67037,-107.55231,303.38,0.39,0.44,2025-05-19,833,N,VIIRS,n,2.0NRT,286.64,0.78,N
26.67081,-107.55595,299.22,0.39,0.44,2025-05-19,833,N,VIIRS,n,2.0NRT,286.53,0.78,N
26.67446,-107.55217,307.59,0.39,0.44,2025-05-19,833,N,VIIRS,n,2.0NRT,287.73,0.66,N
26.67488,-107.55572,298.21,0.39,0.44,2025-05-19,833,N,VIIRS,n,2.0NRT,287.15,0.66,N
26.70117,-107.4615,306.28,0.39,0.44,2025-05-19,833,N,VIIRS,n,2.0NRT,291.02,1.45,N
26.75537,-107.36771,302.27,0.57,0.43,2025-05-19,833,N,VIIRS,n,2.0NRT,287.95,2.86,N
26.75666,-107.37835,305.17,0.57,0.43,2025-05-19,833,N,VIIRS,n,2.0NRT,285.26,1.87,N
26.75999,-107.37227,305.48,0.57,0.43,2025-05-19,833,N,VIIRS,n,2.0NRT,286.94,2.07,N
26.76061,-107.3774,312.56,0.57,0.43,2025-05-19,833,N,VIIRS,n,2.0NRT,285.27,1.86,N
26.76125,-107.38271,317.77,0.57,0.43,2025-05-19,833,N,VIIRS,n,2.0NRT,285.22,1.86,N
26.76458,-107.37653,297.92,0.57,0.43,2025-05-19,833,N,VIIRS,n,2.0NRT,285.77,1.86,N
26.76746,-107.35697,307.61,0.57,0.43,2025-05-19,833,N,VIIRS,n,2.0NRT,285.78,4.3,N
26.76896,-107.34566,296.11,0.57,0.43,2025-05-19,833,N,VIIRS,n,2.0NRT,285.25,0.81,N
26.76973,-107.35194,301.97,0.57,0.43,2025-05-19,833,N,VIIRS,n,2.0NRT,285.58,4.11,N
26.77002,-107.34379,307.0,0.57,0.43,2025-05-19,833,N,VIIRS,n,2.0NRT,284.92,2.02,N
26.77044,-107.3578,336.0,0.57,0.43,2025-05-19,833,N,VIIRS,n,2.0NRT,289.41,4.11,N
26.77073,-107.35001,298.34,0.57,0.43,2025-05-19,833,N,VIIRS,n,2.0NRT,284.67,2.02,N
26.77143,-107.35606,339.52,0.57,0.43,2025-05-19,833,N,VIIRS,n,2.0NRT,289.72,4.3,N
26.77208,-107.36174,315.72,0.57,0.43,2025-05-19,833,N,VIIRS,n,2.0NRT,286.89,4.3,N
26.77292,-107.34482,316.89,0.57,0.43,2025-05-19,833,N,VIIRS,n,2.0NRT,285.68,1.81,N
26.77368,-107.35098,324.99,0.57,0.43,2025-05-19,833,N,VIIRS,n,2.0NRT,286.39,4.1,N
26.77399,-107.34296,311.17,0.57,0.43,2025-05-19,833,N,VIIRS,n,2.0NRT,284.71,2.18,N
26.7744,-107.35692,323.08,0.57,0.43,2025-05-19,833,N,VIIRS,n,2.0NRT,288.02,4.1,N
26.77469,-107.34904,311.54,0.57,0.43,2025-05-19,833,N,VIIRS,n,2.0NRT,285.34,2.18,N
26.77539,-107.35516,311.36,0.57,0.43,2025-05-19,833,N,VIIRS,n,2.0NRT,286.24,2.73,N
26.77688,-107.34394,303.85,0.57,0.43,2025-05-19,833,N,VIIRS,n,2.0NRT,283.87,1.81,N
26.81852,-107.30732,325.28,0.57,0.43,2025-05-19,833,N,VIIRS,n,2.0NRT,285.16,5.25,N
26.82182,-107.30093,331.61,0.57,0.43,2025-05-19,833,N,VIIRS,n,2.0NRT,286.53,5.25,N
26.82247,-107.30643,336.23,0.57,0.43,2025-05-19,833,N,VIIRS,n,2.0NRT,289.02,5.25,N
26.82316,-107.31223,339.17,0.57,0.43,2025-05-19,833,N,VIIRS,n,2.0NRT,288.23,9.34,N
26.82456,-107.32401,332.12,0.57,0.43,2025-05-19,833,N,VIIRS,n,2.0NRT,286.36,8.82,N
26.82518,-107.32922,350.07,0.57,0.43,2025-05-19,833,N,VIIRS,n,2.0NRT,290.19,8.82,N
26.82518,-107.29516,297.13,0.57,0.43,2025-05-19,833,N,VIIRS,n,2.0NRT,285.26,4.62,N
26.82584,-107.30064,318.65,0.57,0.43,2025-05-19,833,N,VIIRS,n,2.0NRT,286.77,2.42,N
26.82649,-107.30611,301.53,0.57,0.43,2025-05-19,833,N,VIIRS,n,2.0NRT,285.85,2.42,N
26.82714,-107.31155,297.18,0.57,0.43,2025-05-19,833,N,VIIRS,n,2.0NRT,284.17,2.05,N
26.82786,-107.31764,324.13,0.57,0.43,2025-05-19,833,N,VIIRS,n,2.0NRT,287.16,2.05,N
26.8285,-107.28904,328.22,0.57,0.43,2025-05-19,833,N,VIIRS,n,2.0NRT,287.66,4.62,N
26.82854,-107.32337,345.97,0.57,0.43,2025-05-19,833,N,VIIRS,n,2.0NRT,291.59,6.81,N
26.82916,-107.32856,317.75,0.57,0.43,2025-05-19,833,N,VIIRS,n,2.0NRT,286.69,6.81,N
26.82917,-107.29463,335.76,0.57,0.43,2025-05-19,833,N,VIIRS,n,2.0NRT,288.87,4.62,N
26.82979,-107.33382,329.54,0.57,0.43,2025-05-19,833,N,VIIRS,n,2.0NRT,287.81,13.74,N
26.82984,-107.30021,315.77,0.57,0.43,2025-05-19,833,N,VIIRS,n,2.0NRT,287.06,2.42,N
26.83044,-107.33929,340.76,0.57,0.43,2025-05-19,833,N,VIIRS,n,2.0NRT,288.91,13.74,N
26.83312,-107.29378,334.46,0.57,0.43,2025-05-19,833,N,VIIRS,n,2.0NRT,288.24,3.55,N
26.83377,-107.33311,332.18,0.57,0.43,2025-05-19,833,N,VIIRS,n,2.0NRT,290.47,13.74,N
26.83442,-107.33859,347.55,0.57,0.43,2025-05-19,833,N,VIIRS,n,2.0NRT,292.3,13.74,N
26.83707,-107.2929,299.14,0.57,0.43,2025-05-19,833,N,VIIRS,n,2.0NRT,284.97,3.55,N
26.8384,-107.33788,334.57,0.57,0.43,2025-05-19,833,N,VIIRS,n,2.0NRT,287.04,5.24,N
26.83907,-107.30957,295.88,0.57,0.43,2025-05-19,833,N,VIIRS,n,2.0NRT,284.54,0.59,N
26.84237,-107.33708,324.34,0.57,0.43,2025-05-19,833,N,VIIRS,n,2.0NRT,287.12,5.24,N
26.84437,-107.31987,328.53,0.57,0.43,2025-05-19,833,N,VIIRS,n,2.0NRT,284.65,6.24,N
26.84567,-107.33075,334.76,0.57,0.43,2025-05-19,833,N,VIIRS,n,2.0NRT,286.49,14.59,N
26.84635,-107.33639,306.35,0.57,0.43,2025-05-19,833,N,VIIRS,n,2.0NRT,285.24,14.59,N
26.84835,-107.31924,323.07,0.57,0.43,2025-05-19,833,N,VIIRS,n,2.0NRT,287.35,6.24,N
26.84901,-107.32476,342.5,0.57,0.43,2025-05-19,833,N,VIIRS,n,2.0NRT,289.31,6.24,N
26.84969,-107.33035,349.0,0.57,0.43,2025-05-19,833,N,VIIRS,n,2.0NRT,297.56,14.59,N
26.851,-107.30755,319.69,0.57,0.43,2025-05-19,833,N,VIIRS,n,2.0NRT,284.24,3.46,N
26.85169,-107.31322,319.15,0.57,0.43,2025-05-19,833,N,VIIRS,n,2.0NRT,285.09,3.46,N
26.85371,-107.33,314.34,0.57,0.43,2025-05-19,833,N,VIIRS,n,2.0NRT,284.46,2.18,N
26.855,-107.30707,321.35,0.57,0.43,2025-05-19,833,N,VIIRS,n,2.0NRT,286.54,3.46,N
26.99549,-109.62907,302.49,0.52,0.5,2025-05-19,833,N,VIIRS,n,2.0NRT,284.33,0.61,N
27.02941,-103.37229,308.01,0.4,0.37,2025-05-19,833,N,VIIRS,n,2.0NRT,295.16,1.4,N
27.27087,-101.16697,309.58,0.39,0.36,2025-05-19,833,N,VIIRS,n,2.0NRT,294.72,1.66,N
27.27752,-107.64297,297.36,0.4,0.44,2025-05-19,833,N,VIIRS,n,2.0NRT,282.84,3.23,N
27.28112,-107.63808,308.09,0.4,0.44,2025-05-19,833,N,VIIRS,n,2.0NRT,283.33,3.23,N
27.2816,-107.64219,346.54,0.4,0.44,2025-05-19,833,N,VIIRS,n,2.0NRT,292.61,3.23,N
27.28206,-107.64627,320.8,0.4,0.44,2025-05-19,833,N,VIIRS,n,2.0NRT,287.79,3.3,N
27.28255,-107.65047,303.6,0.4,0.44,2025-05-19,833,N,VIIRS,n,2.0NRT,285.22,3.3,N
27.28304,-107.65479,300.83,0.4,0.44,2025-05-19,833,N,VIIRS,n,2.0NRT,285.83,2.02,N
27.28353,-107.65914,325.76,0.4,0.44,2025-05-19,833,N,VIIRS,n,2.0NRT,286.45,2.02,N
27.28519,-107.63728,339.56,0.4,0.44,2025-05-19,833,N,VIIRS,n,2.0NRT,292.39,8.58,N
27.28566,-107.64133,340.9,0.4,0.44,2025-05-19,833,N,VIIRS,n,2.0NRT,291.27,8.58,N
27.28613,-107.64542,307.43,0.4,0.44,2025-05-19,833,N,VIIRS,n,2.0NRT,285.91,2.79,N
27.28718,-107.65462,320.74,0.4,0.44,2025-05-19,833,N,VIIRS,n,2.0NRT,287.39,1.9,N
27.28769,-107.65912,319.28,0.4,0.44,2025-05-19,833,N,VIIRS,n,2.0NRT,286.86,1.9,N
27.2893,-107.63688,337.87,0.4,0.44,2025-05-19,833,N,VIIRS,n,2.0NRT,288.41,8.58,N
27.28977,-107.64092,356.67,0.4,0.44,2025-05-19,833,N,VIIRS,n,2.0NRT,293.84,8.58,N
27.29024,-107.64501,317.57,0.4,0.44,2025-05-19,833,N,VIIRS,n,2.0NRT,286.26,2.79,N
27.29129,-107.65417,299.48,0.4,0.44,2025-05-19,833,N,VIIRS,n,2.0NRT,286.03,1.9,N
27.29393,-107.64092,314.78,0.4,0.44,2025-05-19,833,N,VIIRS,n,2.0NRT,285.32,2.67,N
27.2944,-107.64502,347.61,0.4,0.44,2025-05-19,833,N,VIIRS,n,2.0NRT,290.66,3.93,N
27.2949,-107.6494,309.78,0.4,0.44,2025-05-19,833,N,VIIRS,n,2.0NRT,286.69,3.93,N
27.2954,-107.6537,297.75,0.4,0.44,2025-05-19,833,N,VIIRS,n,2.0NRT,285.95,0.96,N
27.29804,-107.64052,321.56,0.4,0.44,2025-05-19,833,N,VIIRS,n,2.0NRT,286.89,2.67,N
27.29852,-107.64465,331.04,0.4,0.44,2025-05-19,833,N,VIIRS,n,2.0NRT,288.15,3.93,N
27.299,-107.6488,310.34,0.4,0.44,2025-05-19,833,N,VIIRS,n,2.0NRT,287.27,3.93,N
27.3082,-107.76534,318.68,0.41,0.45,2025-05-19,833,N,VIIRS,n,2.0NRT,290.05,2.25,N
27.3087,-107.7697,340.47,0.41,0.45,2025-05-19,833,N,VIIRS,n,2.0NRT,291.32,2.25,N
27.30917,-107.77374,313.73,0.41,0.45,2025-05-19,833,N,VIIRS,n,2.0NRT,290.41,2.64,N
27.31275,-107.76836,299.69,0.41,0.45,2025-05-19,833,N,VIIRS,n,2.0NRT,287.88,2.25,N
27.31685,-107.7676,302.33,0.41,0.45,2025-05-19,833,N,VIIRS,n,2.0NRT,291.03,0.93,N
27.33985,-107.74899,303.47,0.41,0.45,2025-05-19,833,N,VIIRS,n,2.0NRT,285.14,1.48,N
27.34084,-107.75745,296.17,0.41,0.45,2025-05-19,833,N,VIIRS,n,2.0NRT,285.08,1.18,N
27.34348,-107.74413,335.85,0.41,0.45,2025-05-19,833,N,VIIRS,n,2.0NRT,288.83,3.88,N
27.34397,-107.74834,314.53,0.41,0.45,2025-05-19,833,N,VIIRS,n,2.0NRT,286.92,1.48,N
27.34446,-107.75257,299.7,0.41,0.45,2025-05-19,833,N,VIIRS,n,2.0NRT,286.69,1.48,N
27.34498,-107.75698,313.7,0.41,0.45,2025-05-19,833,N,VIIRS,n,2.0NRT,288.55,1.18,N
27.34754,-107.74308,304.8,0.41,0.45,2025-05-19,833,N,VIIRS,n,2.0NRT,286.4,0.55,N
27.73517,-107.99018,309.66,0.42,0.46,2025-05-19,833,N,VIIRS,n,2.0NRT,287.32,2.04,N
27.73565,-107.99456,313.61,0.42,0.46,2025-05-19,833,N,VIIRS,n,2.0NRT,285.84,1.81,N
27.82154,-97.20421,306.28,0.51,0.41,2025-05-19,833,N,VIIRS,n,2.0NRT,293.12,1.23,N
27.82253,-97.20933,307.42,0.51,0.41,2025-05-19,833,N,VIIRS,n,2.0NRT,293.82,1.23,N
27.82705,-97.19215,308.7,0.51,0.41,2025-05-19,833,N,VIIRS,n,2.0NRT,293.19,1.45,N
27.9039,-107.73658,324.04,0.41,0.45,2025-05-19,833,N,VIIRS,n,2.0NRT,283.12,2.76,N
27.90439,-107.741,304.49,0.41,0.45,2025-05-19,833,N,VIIRS,n,2.0NRT,280.71,1.5,N
27.90851,-107.74017,308.77,0.41,0.45,2025-05-19,833,N,VIIRS,n,2.0NRT,282.65,1.5,N
28.10213,-101.10505,305.69,0.39,0.36,2025-05-19,833,N,VIIRS,n,2.0NRT,293.51,0.37,N
28.16679,-108.65897,304.51,0.47,0.48,2025-05-19,833,N,VIIRS,n,2.0NRT,288.2,1.3,N
28.16736,-108.66441,308.37,0.47,0.48,2025-05-19,833,N,VIIRS,n,2.0NRT,289.64,1.3,N
28.16784,-108.66891,310.51,0.47,0.48,2025-05-19,833,N,VIIRS,n,2.0NRT,289.26,2.26,N
28.1683,-108.67321,319.54,0.47,0.48,2025-05-19,833,N,VIIRS,n,2.0NRT,288.26,2.26,N
28.17122,-108.65859,333.21,0.47,0.48,2025-05-19,833,N,VIIRS,n,2.0NRT,291.28,2.02,N
28.17142,-99.81612,307.45,0.4,0.37,2025-05-19,833,N,VIIRS,n,2.0NRT,288.21,0.58,N
28.17149,-99.81318,308.34,0.4,0.37,2025-05-19,833,N,VIIRS,n,2.0NRT,287.52,0.64,N
28.17173,-108.66343,305.51,0.47,0.48,2025-05-19,833,N,VIIRS,n,2.0NRT,288.89,2.02,N
28.17554,-108.65723,307.63,0.47,0.48,2025-05-19,833,N,VIIRS,n,2.0NRT,288.16,2.02,N
28.17607,-108.66214,301.54,0.47,0.48,2025-05-19,833,N,VIIRS,n,2.0NRT,288.43,2.02,N
28.23749,-108.70342,297.8,0.47,0.48,2025-05-19,833,N,VIIRS,n,2.0NRT,283.38,1.18,N
28.23899,-108.7179,302.53,0.47,0.48,2025-05-19,833,N,VIIRS,n,2.0NRT,283.85,1.41,N
28.24195,-108.70314,313.56,0.47,0.48,2025-05-19,833,N,VIIRS,n,2.0NRT,285.1,1.18,N
28.24244,-108.70787,315.68,0.47,0.48,2025-05-19,833,N,VIIRS,n,2.0NRT,284.32,2.03,N
28.24293,-108.7126,303.14,0.47,0.48,2025-05-19,833,N,VIIRS,n,2.0NRT,283.93,2.03,N
28.2469,-108.70768,297.97,0.47,0.48,2025-05-19,833,N,VIIRS,n,2.0NRT,283.71,0.65,N
28.2474,-108.71249,295.76,0.47,0.48,2025-05-19,833,N,VIIRS,n,2.0NRT,284.29,0.65,N
28.2479,-108.71735,313.07,0.47,0.48,2025-05-19,833,N,VIIRS,n,2.0NRT,284.86,1.69,N
28.28483,-108.60065,315.31,0.47,0.48,2025-05-19,833,N,VIIRS,n,2.0NRT,287.82,2.01,N
28.31415,-99.76668,304.8,0.4,0.37,2025-05-19,833,N,VIIRS,n,2.0NRT,288.53,0.57,N
28.43455,-100.07833,308.76,0.4,0.37,2025-05-19,833,N,VIIRS,n,2.0NRT,292.49,0.68,N
28.68522,-106.0904,315.43,0.52,0.41,2025-05-19,833,N,VIIRS,n,2.0NRT,291.66,1.47,N
28.92826,-110.8279,302.18,0.32,0.55,2025-05-19,833,N,VIIRS,n,2.0NRT,291.49,0.84,N
28.93365,-97.86202,321.93,0.46,0.39,2025-05-19,833,N,VIIRS,n,2.0NRT,294.6,3.27,N
29.04772,-110.71452,301.54,0.32,0.54,2025-05-19,833,N,VIIRS,n,2.0NRT,289.54,0.51,N
29.08872,-103.47024,330.32,0.41,0.37,2025-05-19,833,N,VIIRS,n,2.0NRT,294.06,3.33,N
29.60481,-108.06408,303.89,0.45,0.47,2025-05-19,833,N,VIIRS,n,2.0NRT,280.34,1.29,N
29.6053,-108.06869,311.08,0.45,0.47,2025-05-19,833,N,VIIRS,n,2.0NRT,280.81,1.29,N
29.6058,-108.07335,299.04,0.45,0.47,2025-05-19,833,N,VIIRS,n,2.0NRT,279.75,1.05,N
29.60866,-108.05901,297.26,0.45,0.47,2025-05-19,833,N,VIIRS,n,2.0NRT,279.73,1.36,N
29.60915,-108.06357,317.69,0.45,0.47,2025-05-19,833,N,VIIRS,n,2.0NRT,281.77,2.37,N
29.61065,-108.0776,315.86,0.45,0.47,2025-05-19,833,N,VIIRS,n,2.0NRT,279.85,2.88,N
29.61116,-108.08242,297.36,0.45,0.47,2025-05-19,833,N,VIIRS,n,2.0NRT,279.56,1.87,N
29.61167,-108.0872,317.22,0.45,0.47,2025-05-19,833,N,VIIRS,n,2.0NRT,279.68,1.87,N
29.61349,-108.06315,316.04,0.45,0.47,2025-05-19,833,N,VIIRS,n,2.0NRT,281.7,2.37,N
29.61499,-108.07714,326.41,0.45,0.47,2025-05-19,833,N,VIIRS,n,2.0NRT,282.06,2.88,N
29.6155,-108.08198,303.06,0.45,0.47,2025-05-19,833,N,VIIRS,n,2.0NRT,279.63,1.87,N
29.61602,-108.08679,319.22,0.45,0.47,2025-05-19,833,N,VIIRS,n,2.0NRT,282.81,1.87,N
29.61651,-108.09138,302.89,0.45,0.47,2025-05-19,833,N,VIIRS,n,2.0NRT,279.57,1.74,N
29.617,-108.09597,303.68,0.45,0.47,2025-05-19,833,N,VIIRS,n,2.0NRT,279.63,1.74,N
29.62086,-108.09094,300.92,0.45,0.47,2025-05-19,833,N,VIIRS,n,2.0NRT,280.64,1.68,N
29.62134,-108.09546,323.04,0.45,0.47,2025-05-19,833,N,VIIRS,n,2.0NRT,281.38,1.68,N
29.62525,-108.09093,302.95,0.45,0.47,2025-05-19,833,N,VIIRS,n,2.0NRT,282.18,1.68,N
29.65055,-108.11469,295.21,0.46,0.47,2025-05-19,833,N,VIIRS,n,2.0NRT,282.34,1.2,N
29.65385,-108.10385,299.02,0.45,0.47,2025-05-19,833,N,VIIRS,n,2.0NRT,280.67,0.97,N
29.65438,-108.10901,299.78,0.46,0.47,2025-05-19,833,N,VIIRS,n,2.0NRT,280.84,1.2,N
29.65765,-108.09801,299.41,0.45,0.47,2025-05-19,833,N,VIIRS,n,2.0NRT,281.38,1.46,N
29.68081,-108.53128,320.53,0.48,0.48,2025-05-19,833,N,VIIRS,n,2.0NRT,284.9,2.69,N
29.68141,-108.53709,315.78,0.48,0.48,2025-05-19,833,N,VIIRS,n,2.0NRT,285.3,2.69,N
29.68287,-108.52804,344.76,0.48,0.48,2025-05-19,833,N,VIIRS,n,2.0NRT,287.72,7.49,N
29.68343,-108.53375,332.13,0.48,0.48,2025-05-19,833,N,VIIRS,n,2.0NRT,287.28,2.6,N
29.68401,-108.53973,303.16,0.48,0.48,2025-05-19,833,N,VIIRS,n,2.0NRT,284.74,2.6,N
29.68462,-108.52467,338.63,0.48,0.48,2025-05-19,833,N,VIIRS,n,2.0NRT,287.65,5.7,N
29.68515,-108.52966,310.81,0.48,0.48,2025-05-19,833,N,VIIRS,n,2.0NRT,285.53,3.62,N
29.68581,-108.53594,326.97,0.48,0.48,2025-05-19,833,N,VIIRS,n,2.0NRT,286.84,3.62,N
29.68642,-108.54173,301.29,0.48,0.48,2025-05-19,833,N,VIIRS,n,2.0NRT,284.98,1.67,N
29.68696,-108.54694,302.95,0.48,0.48,2025-05-19,833,N,VIIRS,n,2.0NRT,283.47,1.67,N
29.68726,-108.52663,343.66,0.48,0.48,2025-05-19,833,N,VIIRS,n,2.0NRT,288.86,7.49,N
29.68746,-108.55172,321.86,0.48,0.48,2025-05-19,833,N,VIIRS,n,2.0NRT,284.31,4.57,N
29.68781,-108.53231,296.36,0.48,0.48,2025-05-19,833,N,VIIRS,n,2.0NRT,283.68,2.6,N
29.68844,-108.53884,322.36,0.48,0.48,2025-05-19,833,N,VIIRS,n,2.0NRT,286.61,2.6,N
29.68898,-108.5444,300.81,0.48,0.48,2025-05-19,833,N,VIIRS,n,2.0NRT,284.95,3.15,N
29.68903,-108.52364,340.65,0.48,0.48,2025-05-19,833,N,VIIRS,n,2.0NRT,287.49,5.7,N
29.68947,-108.54935,333.78,0.48,0.48,2025-05-19,833,N,VIIRS,n,2.0NRT,287.43,3.15,N
29.68954,-108.52856,305.88,0.48,0.48,2025-05-19,833,N,VIIRS,n,2.0NRT,284.12,3.62,N
29.68993,-108.55403,318.15,0.48,0.48,2025-05-19,833,N,VIIRS,n,2.0NRT,285.16,3.48,N
29.69087,-108.54106,311.8,0.48,0.48,2025-05-19,833,N,VIIRS,n,2.0NRT,286.4,1.67,N
29.69124,-108.52127,316.04,0.48,0.48,2025-05-19,833,N,VIIRS,n,2.0NRT,283.98,2.14,N
29.69143,-108.54647,313.03,0.48,0.48,2025-05-19,833,N,VIIRS,n,2.0NRT,286.63,1.67,N
29.6917,-108.52595,320.04,0.48,0.48,2025-05-19,833,N,VIIRS,n,2.0NRT,285.53,2.14,N
29.69193,-108.55118,333.74,0.48,0.48,2025-05-19,833,N,VIIRS,n,2.0NRT,287.84,4.57,N
29.69345,-108.54388,300.54,0.48,0.48,2025-05-19,833,N,VIIRS,n,2.0NRT,285.88,1.55,N
29.69395,-108.54893,318.71,0.48,0.48,2025-05-19,833,N,VIIRS,n,2.0NRT,286.08,1.55,N
29.6944,-108.55347,310.66,0.48,0.48,2025-05-19,833,N,VIIRS,n,2.0NRT,285.03,1.49,N
29.69478,-108.51147,300.89,0.48,0.48,2025-05-19,833,N,VIIRS,n,2.0NRT,282.61,2.26,N
29.69526,-108.51626,325.49,0.48,0.48,2025-05-19,833,N,VIIRS,n,2.0NRT,285.24,2.26,N
29.69571,-108.52084,297.83,0.48,0.48,2025-05-19,833,N,VIIRS,n,2.0NRT,283.37,2.14,N
29.69842,-108.54849,299.78,0.48,0.48,2025-05-19,833,N,VIIRS,n,2.0NRT,284.82,1.55,N
29.69888,-108.5531,299.54,0.48,0.48,2025-05-19,833,N,VIIRS,n,2.0NRT,284.87,1.49,N
29.69924,-108.51094,299.93,0.48,0.48,2025-05-19,833,N,VIIRS,n,2.0NRT,283.28,1.97,N
29.69975,-108.51608,329.03,0.48,0.48,2025-05-19,833,N,VIIRS,n,2.0NRT,287.01,1.97,N
29.70023,-108.521,297.5,0.48,0.48,2025-05-19,833,N,VIIRS,n,2.0NRT,284.68,1.24,N
29.70338,-108.55283,300.53,0.48,0.48,2025-05-19,833,N,VIIRS,n,2.0NRT,284.88,1.38,N
29.70424,-108.51586,304.68,0.48,0.48,2025-05-19,833,N,VIIRS,n,2.0NRT,284.49,1.97,N
29.70476,-108.52116,297.52,0.48,0.48,2025-05-19,833,N,VIIRS,n,2.0NRT,284.32,1.24,N
29.70786,-108.55247,309.12,0.48,0.48,2025-05-19,833,N,VIIRS,n,2.0NRT,285.31,1.38,N
29.70819,-108.60168,304.67,0.49,0.48,2025-05-19,833,N,VIIRS,n,2.0NRT,283.54,1.37,N
29.71261,-108.60045,314.75,0.49,0.48,2025-05-19,833,N,VIIRS,n,2.0NRT,285.04,1.37,N
29.71324,-108.60683,303.88,0.49,0.48,2025-05-19,833,N,VIIRS,n,2.0NRT,283.94,1.37,N
29.71769,-108.606,308.61,0.49,0.48,2025-05-19,833,N,VIIRS,n,2.0NRT,284.74,1.04,N
29.72021,-108.54021,301.67,0.48,0.48,2025-05-19,833,N,VIIRS,n,2.0NRT,285.44,1.2,N
29.72214,-108.60506,300.63,0.49,0.48,2025-05-19,833,N,VIIRS,n,2.0NRT,283.85,1.04,N
29.7231,-108.52398,299.67,0.48,0.48,2025-05-19,833,N,VIIRS,n,2.0NRT,283.58,1.42,N
29.72358,-108.52872,304.14,0.48,0.48,2025-05-19,833,N,VIIRS,n,2.0NRT,284.38,2.04,N
29.73541,-108.60162,301.15,0.49,0.48,2025-05-19,833,N,VIIRS,n,2.0NRT,282.95,0.69,N
29.7399,-108.0293,297.0,0.45,0.47,2025-05-19,833,N,VIIRS,n,2.0NRT,281.84,1.02,N
29.74231,-108.02622,307.26,0.45,0.47,2025-05-19,833,N,VIIRS,n,2.0NRT,282.33,1.66,N
29.7428,-108.03072,298.65,0.45,0.47,2025-05-19,833,N,VIIRS,n,2.0NRT,282.03,1.42,N
29.74376,-108.02413,301.18,0.45,0.47,2025-05-19,833,N,VIIRS,n,2.0NRT,281.9,1.02,N
29.74422,-108.02864,302.82,0.45,0.47,2025-05-19,833,N,VIIRS,n,2.0NRT,282.33,1.02,N
29.74468,-108.03315,302.78,0.45,0.47,2025-05-19,833,N,VIIRS,n,2.0NRT,281.47,1.23,N
29.75078,-108.52966,318.95,0.48,0.48,2025-05-19,833,N,VIIRS,n,2.0NRT,283.49,2.43,N
29.75129,-108.53468,332.69,0.48,0.48,2025-05-19,833,N,VIIRS,n,2.0NRT,286.39,5.5,N
29.75478,-108.52451,328.25,0.48,0.48,2025-05-19,833,N,VIIRS,n,2.0NRT,283.92,2.81,N
29.75532,-108.52982,324.86,0.48,0.48,2025-05-19,833,N,VIIRS,n,2.0NRT,286.83,2.81,N
29.75583,-108.53482,317.63,0.48,0.48,2025-05-19,833,N,VIIRS,n,2.0NRT,286.98,1.87,N
29.75871,-108.21961,326.27,0.46,0.47,2025-05-19,833,N,VIIRS,n,2.0NRT,282.21,4.1,N
29.75892,-108.21781,317.75,0.46,0.47,2025-05-19,833,N,VIIRS,n,2.0NRT,282.31,2.43,N
29.75921,-108.52372,316.14,0.48,0.48,2025-05-19,833,N,VIIRS,n,2.0NRT,285.41,2.81,N
29.75939,-108.22247,316.55,0.46,0.47,2025-05-19,833,N,VIIRS,n,2.0NRT,281.48,3.94,N
29.75981,-108.52953,301.06,0.48,0.48,2025-05-19,833,N,VIIRS,n,2.0NRT,285.19,2.81,N
29.76035,-108.53484,297.65,0.48,0.48,2025-05-19,833,N,VIIRS,n,2.0NRT,285.69,1.87,N
29.76257,-108.21414,301.83,0.46,0.47,2025-05-19,833,N,VIIRS,n,2.0NRT,282.4,1.75,N
29.763,-108.51657,337.44,0.48,0.48,2025-05-19,833,N,VIIRS,n,2.0NRT,283.82,4.24,N
29.76307,-108.21889,315.53,0.46,0.47,2025-05-19,833,N,VIIRS,n,2.0NRT,284.41,4.1,N
29.76328,-108.21707,310.93,0.46,0.47,2025-05-19,833,N,VIIRS,n,2.0NRT,283.57,2.43,N
29.76356,-108.2234,345.64,0.46,0.47,2025-05-19,833,N,VIIRS,n,2.0NRT,285.51,4.1,N
29.76365,-108.52286,349.25,0.48,0.48,2025-05-19,833,N,VIIRS,n,2.0NRT,288.24,10.25,N
29.76375,-108.22171,329.85,0.46,0.47,2025-05-19,833,N,VIIRS,n,2.0NRT,285.05,3.94,N
29.76419,-108.22612,330.67,0.46,0.47,2025-05-19,833,N,VIIRS,n,2.0NRT,282.5,3.94,N
29.76428,-108.52901,328.52,0.48,0.48,2025-05-19,833,N,VIIRS,n,2.0NRT,286.43,10.25,N
29.76715,-108.21144,298.78,0.46,0.47,2025-05-19,833,N,VIIRS,n,2.0NRT,281.05,1.36,N
29.76745,-108.51591,320.84,0.48,0.48,2025-05-19,833,N,VIIRS,n,2.0NRT,284.08,4.24,N
29.76811,-108.52233,350.09,0.48,0.48,2025-05-19,833,N,VIIRS,n,2.0NRT,292.25,10.25,N
29.76812,-108.22107,305.83,0.46,0.47,2025-05-19,833,N,VIIRS,n,2.0NRT,283.17,5.57,N
29.76857,-108.22552,346.87,0.46,0.47,2025-05-19,833,N,VIIRS,n,2.0NRT,286.29,5.57,N
29.76902,-108.22997,319.31,0.46,0.47,2025-05-19,833,N,VIIRS,n,2.0NRT,280.11,6.13,N
29.76948,-108.23453,315.7,0.46,0.47,2025-05-19,833,N,VIIRS,n,2.0NRT,280.53,6.13,N
29.77294,-108.22483,344.45,0.46,0.47,2025-05-19,833,N,VIIRS,n,2.0NRT,287.58,5.57,N
29.7734,-108.22935,367.0,0.46,0.47,2025-05-19,833,N,VIIRS,h,2.0NRT,291.14,6.13,N
29.77386,-108.23393,323.72,0.46,0.47,2025-05-19,833,N,VIIRS,n,2.0NRT,287.84,6.13,N
29.77824,-108.23339,297.06,0.46,0.47,2025-05-19,833,N,VIIRS,n,2.0NRT,282.52,1.04,N
29.80701,-108.12565,341.96,0.46,0.47,2025-05-19,833,N,VIIRS,n,2.0NRT,285.52,7.33,N
29.81131,-108.12457,295.77,0.46,0.47,2025-05-19,833,N,VIIRS,n,2.0NRT,282.12,1.23,N
29.81997,-108.12296,304.32,0.46,0.47,2025-05-19,833,N,VIIRS,n,2.0NRT,281.76,1.08,N
29.82007,-108.16608,336.11,0.46,0.47,2025-05-19,833,N,VIIRS,n,2.0NRT,286.69,4.1,N
29.82056,-108.17076,318.94,0.46,0.47,2025-05-19,833,N,VIIRS,n,2.0NRT,283.72,4.1,N
29.82493,-108.17017,302.95,0.46,0.47,2025-05-19,833,N,VIIRS,n,2.0NRT,282.63,1.56,N
29.82871,-108.16403,303.94,0.46,0.47,2025-05-19,833,N,VIIRS,n,2.0NRT,282.2,1.56,N
29.82928,-108.16947,316.9,0.46,0.47,2025-05-19,833,N,VIIRS,n,2.0NRT,283.81,1.56,N
29.82977,-108.17416,330.8,0.46,0.47,2025-05-19,833,N,VIIRS,n,2.0NRT,284.5,3.13,N
29.83023,-108.17854,307.07,0.46,0.47,2025-05-19,833,N,VIIRS,n,2.0NRT,282.03,3.13,N
29.83071,-108.18308,316.62,0.46,0.47,2025-05-19,833,N,VIIRS,n,2.0NRT,283.36,5.25,N
29.83118,-108.18762,347.32,0.46,0.47,2025-05-19,833,N,VIIRS,n,2.0NRT,288.56,5.25,N
29.83302,-108.16299,307.86,0.46,0.47,2025-05-19,833,N,VIIRS,n,2.0NRT,282.85,1.28,N
29.83359,-108.16835,313.05,0.46,0.47,2025-05-19,833,N,VIIRS,n,2.0NRT,283.29,1.28,N
29.83411,-108.17332,317.18,0.46,0.47,2025-05-19,833,N,VIIRS,n,2.0NRT,284.83,1.64,N
29.83441,-108.13425,300.94,0.46,0.47,2025-05-19,833,N,VIIRS,n,2.0NRT,282.18,0.82,N
29.8346,-108.17799,301.23,0.46,0.47,2025-05-19,833,N,VIIRS,n,2.0NRT,282.12,1.64,N
29.83488,-108.13862,300.76,0.46,0.47,2025-05-19,833,N,VIIRS,n,2.0NRT,282.59,0.82,N
29.83556,-108.1871,299.86,0.46,0.47,2025-05-19,833,N,VIIRS,n,2.0NRT,281.17,1.22,N
29.8379,-108.16728,295.71,0.46,0.47,2025-05-19,833,N,VIIRS,n,2.0NRT,281.59,1.28,N
29.83793,-108.20963,313.88,0.46,0.47,2025-05-19,833,N,VIIRS,n,2.0NRT,284.23,1.78,N
29.83831,-108.1293,295.07,0.46,0.47,2025-05-19,833,N,VIIRS,n,2.0NRT,281.86,0.54,N
29.83844,-108.1724,304.33,0.46,0.47,2025-05-19,833,N,VIIRS,n,2.0NRT,281.89,1.64,N
29.83876,-108.13359,302.95,0.46,0.47,2025-05-19,833,N,VIIRS,n,2.0NRT,282.02,1.17,N
29.83896,-108.17729,314.76,0.46,0.47,2025-05-19,833,N,VIIRS,n,2.0NRT,283.69,1.64,N
29.83921,-108.1379,316.15,0.46,0.47,2025-05-19,833,N,VIIRS,n,2.0NRT,283.19,1.17,N
29.84224,-108.1665,315.14,0.46,0.47,2025-05-19,833,N,VIIRS,n,2.0NRT,282.3,4.06,N
29.84231,-108.20914,297.34,0.46,0.47,2025-05-19,833,N,VIIRS,n,2.0NRT,281.01,1.78,N
29.84278,-108.17158,333.34,0.46,0.47,2025-05-19,833,N,VIIRS,n,2.0NRT,284.67,4.06,N
29.84314,-108.1332,298.79,0.46,0.47,2025-05-19,833,N,VIIRS,n,2.0NRT,280.8,1.17,N
29.8433,-108.17648,322.63,0.46,0.47,2025-05-19,833,N,VIIRS,n,2.0NRT,284.62,4.06,N
29.84359,-108.13743,307.33,0.46,0.47,2025-05-19,833,N,VIIRS,n,2.0NRT,281.28,1.17,N
29.84553,-108.15574,298.3,0.46,0.47,2025-05-19,833,N,VIIRS,n,2.0NRT,281.1,1.03,N
29.84606,-108.16074,324.92,0.46,0.47,2025-05-19,833,N,VIIRS,n,2.0NRT,283.06,4.06,N
29.84659,-108.16578,334.69,0.46,0.47,2025-05-19,833,N,VIIRS,n,2.0NRT,283.24,4.06,N
29.84661,-108.12428,301.14,0.46,0.47,2025-05-19,833,N,VIIRS,n,2.0NRT,281.15,0.78,N
29.8467,-108.20869,340.94,0.46,0.47,2025-05-19,833,N,VIIRS,n,2.0NRT,286.46,6.08,N
29.84709,-108.1288,304.09,0.46,0.47,2025-05-19,833,N,VIIRS,n,2.0NRT,282.21,0.78,N
29.84713,-108.17079,346.92,0.46,0.47,2025-05-19,833,N,VIIRS,n,2.0NRT,285.4,4.06,N
29.8472,-108.21339,312.42,0.46,0.47,2025-05-19,833,N,VIIRS,n,2.0NRT,280.51,6.08,N
29.84728,-108.12746,303.27,0.46,0.47,2025-05-19,833,N,VIIRS,n,2.0NRT,281.89,3.28,N
29.84754,-108.13307,299.75,0.46,0.47,2025-05-19,833,N,VIIRS,n,2.0NRT,281.04,1.25,N
29.84765,-108.17567,298.89,0.46,0.47,2025-05-19,833,N,VIIRS,n,2.0NRT,282.06,4.06,N
29.84816,-108.18053,301.32,0.46,0.47,2025-05-19,833,N,VIIRS,n,2.0NRT,281.28,1.39,N
29.84891,-108.14597,300.21,0.46,0.47,2025-05-19,833,N,VIIRS,n,2.0NRT,280.42,1.34,N
29.8494,-108.1505,300.79,0.46,0.47,2025-05-19,833,N,VIIRS,n,2.0NRT,281.32,1.38,N
29.85014,-108.19918,310.52,0.46,0.47,2025-05-19,833,N,VIIRS,n,2.0NRT,280.74,2.69,N
29.85041,-108.15867,333.57,0.46,0.47,2025-05-19,833,N,VIIRS,n,2.0NRT,285.56,3.24,N
29.85042,-108.16012,339.89,0.46,0.47,2025-05-19,833,N,VIIRS,n,2.0NRT,286.29,4.56,N
29.85051,-108.11948,302.41,0.46,0.47,2025-05-19,833,N,VIIRS,n,2.0NRT,282.38,0.98,N
29.8509,-108.16364,326.06,0.46,0.47,2025-05-19,833,N,VIIRS,n,2.0NRT,283.46,6.04,N
29.85095,-108.16509,318.34,0.46,0.47,2025-05-19,833,N,VIIRS,n,2.0NRT,283.7,4.56,N
29.851,-108.12411,302.79,0.46,0.47,2025-05-19,833,N,VIIRS,n,2.0NRT,282.15,0.78,N
29.8511,-108.20827,346.52,0.46,0.47,2025-05-19,833,N,VIIRS,n,2.0NRT,289.66,6.08,N
29.85121,-108.12267,304.32,0.46,0.47,2025-05-19,833,N,VIIRS,n,2.0NRT,282.23,2.3,N
29.85151,-108.12884,300.5,0.46,0.47,2025-05-19,833,N,VIIRS,n,2.0NRT,282.44,0.78,N
29.85159,-108.21294,295.42,0.46,0.47,2025-05-19,833,N,VIIRS,n,2.0NRT,279.71,6.08,N
29.85198,-108.13325,300.96,0.46,0.47,2025-05-19,833,N,VIIRS,n,2.0NRT,282.2,1.25,N
29.85334,-108.14603,304.19,0.46,0.47,2025-05-19,833,N,VIIRS,n,2.0NRT,281.32,1.34,N
29.85343,-108.14478,303.88,0.46,0.47,2025-05-19,833,N,VIIRS,n,2.0NRT,281.74,3.22,N
29.8538,-108.15036,301.49,0.46,0.47,2025-05-19,833,N,VIIRS,n,2.0NRT,281.56,1.38,N
29.85403,-108.19412,301.49,0.46,0.47,2025-05-19,833,N,VIIRS,n,2.0NRT,280.25,3.94,N
29.85426,-108.19745,338.97,0.46,0.47,2025-05-19,833,N,VIIRS,n,2.0NRT,282.46,7.32,N
29.85428,-108.15483,305.25,0.46,0.47,2025-05-19,833,N,VIIRS,n,2.0NRT,281.62,1.38,N
29.85431,-108.15347,304.72,0.46,0.47,2025-05-19,833,N,VIIRS,n,2.0NRT,281.47,3.24,N
29.85439,-108.11452,326.03,0.46,0.47,2025-05-19,833,N,VIIRS,n,2.0NRT,284.2,4.16,N
29.85452,-108.19869,338.41,0.46,0.47,2025-05-19,833,N,VIIRS,n,2.0NRT,282.16,5.77,N
29.85466,-108.11315,316.19,0.46,0.47,2025-05-19,833,N,VIIRS,n,2.0NRT,283.63,5.8,N
29.85472,-108.20198,295.24,0.46,0.47,2025-05-19,833,N,VIIRS,n,2.0NRT,280.25,2.28,N
29.85488,-108.11906,304.75,0.46,0.47,2025-05-19,833,N,VIIRS,n,2.0NRT,282.23,4.16,N
29.85512,-108.11768,319.96,0.46,0.47,2025-05-19,833,N,VIIRS,n,2.0NRT,283.53,3.2,N
29.85517,-108.20654,298.43,0.46,0.47,2025-05-19,833,N,VIIRS,n,2.0NRT,279.83,2.28,N
29.85548,-108.20778,298.91,0.46,0.47,2025-05-19,833,N,VIIRS,n,2.0NRT,280.42,1.75,N
29.85563,-108.21114,302.55,0.46,0.47,2025-05-19,833,N,VIIRS,n,2.0NRT,279.94,1.48,N
29.85862,-108.19666,345.51,0.46,0.47,2025-05-19,833,N,VIIRS,n,2.0NRT,286.85,7.32,N
29.85871,-108.15482,305.96,0.46,0.47,2025-05-19,833,N,VIIRS,n,2.0NRT,281.78,2.35,N
29.8588,-108.11439,346.2,0.46,0.47,2025-05-19,833,N,VIIRS,n,2.0NRT,292.48,4.16,N
29.85887,-108.19791,343.78,0.46,0.47,2025-05-19,833,N,VIIRS,n,2.0NRT,288.72,5.77,N
29.85906,-108.11305,348.89,0.46,0.47,2025-05-19,833,N,VIIRS,n,2.0NRT,291.0,5.8,N
29.85908,-108.20125,307.31,0.46,0.47,2025-05-19,833,N,VIIRS,n,2.0NRT,282.12,2.28,N
29.85919,-108.15804,307.95,0.46,0.47,2025-05-19,833,N,VIIRS,n,2.0NRT,282.1,2.52,N
29.85927,-108.11878,309.24,0.46,0.47,2025-05-19,833,N,VIIRS,n,2.0NRT,284.3,4.16,N
29.85936,-108.20253,310.65,0.46,0.47,2025-05-19,833,N,VIIRS,n,2.0NRT,281.79,5.77,N
29.85951,-108.11743,315.69,0.46,0.47,2025-05-19,833,N,VIIRS,n,2.0NRT,285.04,3.2,N
29.85954,-108.20587,317.63,0.46,0.47,2025-05-19,833,N,VIIRS,n,2.0NRT,280.92,2.28,N
29.85985,-108.20711,311.28,0.46,0.47,2025-05-19,833,N,VIIRS,n,2.0NRT,279.35,1.75,N
29.85995,-108.12183,304.35,0.46,0.47,2025-05-19,833,N,VIIRS,n,2.0NRT,284.2,3.2,N
29.86206,-108.09911,306.66,0.46,0.47,2025-05-19,833,N,VIIRS,n,2.0NRT,283.23,1.66,N
29.86253,-108.10375,303.49,0.46,0.47,2025-05-19,833,N,VIIRS,n,2.0NRT,283.48,1.66,N
29.863,-108.10837,300.75,0.46,0.47,2025-05-19,833,N,VIIRS,n,2.0NRT,282.93,1.94,N
29.86313,-108.15485,312.71,0.46,0.47,2025-05-19,833,N,VIIRS,n,2.0NRT,282.94,2.35,N
29.86316,-108.15356,304.27,0.46,0.47,2025-05-19,833,N,VIIRS,n,2.0NRT,282.45,2.52,N
29.86343,-108.20043,299.73,0.46,0.47,2025-05-19,833,N,VIIRS,n,2.0NRT,280.92,6.3,N
29.86346,-108.11292,322.86,0.46,0.47,2025-05-19,833,N,VIIRS,n,2.0NRT,284.54,1.94,N
29.8636,-108.15922,336.69,0.46,0.47,2025-05-19,833,N,VIIRS,n,2.0NRT,284.95,6.04,N
29.8636,-108.15794,336.16,0.46,0.47,2025-05-19,833,N,VIIRS,n,2.0NRT,285.25,2.52,N
29.86371,-108.20174,306.42,0.46,0.47,2025-05-19,833,N,VIIRS,n,2.0NRT,281.78,3.71,N
29.86389,-108.11716,310.88,0.46,0.47,2025-05-19,833,N,VIIRS,n,2.0NRT,284.29,2.52,N
29.8639,-108.20512,344.47,0.46,0.47,2025-05-19,833,N,VIIRS,n,2.0NRT,287.28,6.3,N
29.86421,-108.2064,353.86,0.46,0.47,2025-05-19,833,N,VIIRS,n,2.0NRT,289.38,15.35,N
29.86436,-108.20974,332.67,0.46,0.47,2025-05-19,833,N,VIIRS,n,2.0NRT,282.21,6.47,N
29.86641,-108.09853,311.57,0.46,0.47,2025-05-19,833,N,VIIRS,n,2.0NRT,283.84,1.66,N
29.86688,-108.10321,313.57,0.46,0.47,2025-05-19,833,N,VIIRS,n,2.0NRT,283.57,1.66,N
29.86736,-108.10784,315.59,0.46,0.47,2025-05-19,833,N,VIIRS,n,2.0NRT,284.97,1.94,N
29.86777,-108.19948,299.11,0.46,0.47,2025-05-19,833,N,VIIRS,n,2.0NRT,280.78,6.3,N
29.86782,-108.1124,309.9,0.46,0.47,2025-05-19,833,N,VIIRS,n,2.0NRT,284.6,1.94,N
29.86805,-108.20079,322.85,0.46,0.47,2025-05-19,833,N,VIIRS,n,2.0NRT,283.77,3.71,N
29.86825,-108.20422,367.0,0.46,0.47,2025-05-19,833,N,VIIRS,h,2.0NRT,294.2,6.3,N
29.86826,-108.1167,305.03,0.46,0.47,2025-05-19,833,N,VIIRS,n,2.0NRT,283.95,2.52,N
29.86855,-108.20551,354.19,0.46,0.47,2025-05-19,833,N,VIIRS,n,2.0NRT,291.99,15.35,N
29.86869,-108.12096,327.89,0.46,0.47,2025-05-19,833,N,VIIRS,n,2.0NRT,285.66,2.52,N
29.86873,-108.20898,306.21,0.46,0.47,2025-05-19,833,N,VIIRS,n,2.0NRT,279.46,6.47,N
29.87006,-108.13438,301.85,0.46,0.47,2025-05-19,833,N,VIIRS,n,2.0NRT,282.33,1.75,N
29.87171,-108.10723,311.11,0.46,0.47,2025-05-19,833,N,VIIRS,n,2.0NRT,284.51,6.29,N
29.87216,-108.11173,339.72,0.46,0.47,2025-05-19,833,N,VIIRS,n,2.0NRT,287.26,6.29,N
29.8726,-108.11603,343.22,0.46,0.47,2025-05-19,833,N,VIIRS,n,2.0NRT,287.5,6.22,N
29.87303,-108.12025,311.52,0.46,0.47,2025-05-19,833,N,VIIRS,n,2.0NRT,285.59,6.22,N
29.87348,-108.12458,325.3,0.46,0.47,2025-05-19,833,N,VIIRS,n,2.0NRT,287.16,3.09,N
29.87393,-108.12907,317.09,0.46,0.47,2025-05-19,833,N,VIIRS,n,2.0NRT,286.8,3.09,N
29.87524,-108.18562,331.48,0.46,0.47,2025-05-19,833,N,VIIRS,n,2.0NRT,282.88,4.07,N
29.87565,-108.1897,336.22,0.46,0.47,2025-05-19,833,N,VIIRS,n,2.0NRT,282.27,5.61,N
29.87606,-108.1937,329.72,0.46,0.47,2025-05-19,833,N,VIIRS,n,2.0NRT,282.33,5.61,N
29.87649,-108.198,322.4,0.46,0.47,2025-05-19,833,N,VIIRS,n,2.0NRT,279.4,4.59,N
29.8765,-108.11092,348.36,0.46,0.47,2025-05-19,833,N,VIIRS,n,2.0NRT,291.09,6.29,N
29.87693,-108.11515,337.69,0.46,0.47,2025-05-19,833,N,VIIRS,n,2.0NRT,286.69,6.22,N
29.87877,-108.13322,315.81,0.46,0.47,2025-05-19,833,N,VIIRS,n,2.0NRT,285.66,4.29,N
29.87962,-108.1851,322.24,0.46,0.47,2025-05-19,833,N,VIIRS,n,2.0NRT,282.96,2.85,N
29.88004,-108.18922,331.95,0.46,0.47,2025-05-19,833,N,VIIRS,n,2.0NRT,284.36,3.76,N
29.88045,-108.19321,311.21,0.46,0.47,2025-05-19,833,N,VIIRS,n,2.0NRT,281.76,3.76,N
29.88087,-108.19743,336.71,0.46,0.47,2025-05-19,833,N,VIIRS,n,2.0NRT,283.48,6.99,N
29.88134,-108.20205,338.71,0.46,0.47,2025-05-19,833,N,VIIRS,n,2.0NRT,281.12,6.99,N
29.88308,-108.13207,315.26,0.46,0.47,2025-05-19,833,N,VIIRS,n,2.0NRT,283.62,2.57,N
29.88572,-108.20144,347.61,0.46,0.47,2025-05-19,833,N,VIIRS,n,2.0NRT,286.26,6.99,N
29.88619,-108.20612,302.95,0.46,0.47,2025-05-19,833,N,VIIRS,n,2.0NRT,278.69,4.63,N
29.88647,-108.12199,326.56,0.46,0.47,2025-05-19,833,N,VIIRS,n,2.0NRT,284.46,3.37,N
29.88693,-108.12643,323.41,0.46,0.47,2025-05-19,833,N,VIIRS,n,2.0NRT,283.78,3.37,N
29.88922,-108.19233,301.07,0.46,0.47,2025-05-19,833,N,VIIRS,n,2.0NRT,280.71,1.05,N
29.88964,-108.19647,307.66,0.46,0.47,2025-05-19,833,N,VIIRS,n,2.0NRT,282.15,5.16,N
29.89009,-108.20078,349.58,0.46,0.47,2025-05-19,833,N,VIIRS,n,2.0NRT,290.64,5.16,N
29.89055,-108.20531,333.13,0.46,0.47,2025-05-19,833,N,VIIRS,n,2.0NRT,282.31,8.79,N
29.89128,-108.12584,299.81,0.46,0.47,2025-05-19,833,N,VIIRS,n,2.0NRT,281.62,1.22,N
29.89173,-108.13018,307.03,0.46,0.47,2025-05-19,833,N,VIIRS,n,2.0NRT,281.94,1.45,N
29.8922,-108.13473,299.19,0.46,0.47,2025-05-19,833,N,VIIRS,n,2.0NRT,280.6,1.45,N
29.89315,-108.18739,297.62,0.46,0.47,2025-05-19,833,N,VIIRS,n,2.0NRT,281.17,1.05,N
29.89358,-108.1916,304.92,0.46,0.47,2025-05-19,833,N,VIIRS,n,2.0NRT,282.15,1.05,N
29.89401,-108.19577,320.11,0.46,0.47,2025-05-19,833,N,VIIRS,n,2.0NRT,281.86,5.16,N
29.89445,-108.20007,317.66,0.46,0.47,2025-05-19,833,N,VIIRS,n,2.0NRT,280.83,5.16,N
29.89608,-108.12951,302.48,0.46,0.47,2025-05-19,833,N,VIIRS,n,2.0NRT,281.78,1.45,N
29.89656,-108.13418,322.6,0.46,0.47,2025-05-19,833,N,VIIRS,n,2.0NRT,282.83,1.45,N
29.89705,-108.13895,330.36,0.46,0.47,2025-05-19,833,N,VIIRS,n,2.0NRT,285.35,3.36,N
29.89754,-108.14378,310.08,0.46,0.47,2025-05-19,833,N,VIIRS,n,2.0NRT,283.0,3.36,N
29.89794,-108.1909,298.85,0.46,0.47,2025-05-19,833,N,VIIRS,n,2.0NRT,280.0,2.96,N
29.89838,-108.19511,347.56,0.46,0.47,2025-05-19,833,N,VIIRS,n,2.0NRT,284.12,8.18,N
29.89883,-108.19949,302.85,0.46,0.47,2025-05-19,833,N,VIIRS,n,2.0NRT,278.52,8.18,N
29.90196,-108.14369,326.08,0.46,0.47,2025-05-19,833,N,VIIRS,n,2.0NRT,285.06,3.14,N
29.90244,-108.14842,322.64,0.46,0.47,2025-05-19,833,N,VIIRS,n,2.0NRT,283.98,2.61,N
29.90275,-108.19452,342.73,0.46,0.47,2025-05-19,833,N,VIIRS,n,2.0NRT,291.37,8.18,N
29.90294,-108.15318,307.86,0.46,0.47,2025-05-19,833,N,VIIRS,n,2.0NRT,283.05,2.61,N
29.90321,-108.19898,331.85,0.46,0.47,2025-05-19,833,N,VIIRS,n,2.0NRT,281.14,8.18,N
29.90341,-108.15781,318.05,0.46,0.47,2025-05-19,833,N,VIIRS,n,2.0NRT,283.43,1.59,N
29.90389,-108.16244,300.26,0.46,0.47,2025-05-19,833,N,VIIRS,n,2.0NRT,281.9,1.59,N
29.90486,-108.1719,308.33,0.46,0.47,2025-05-19,833,N,VIIRS,n,2.0NRT,281.73,1.15,N
29.90534,-108.17654,300.07,0.46,0.47,2025-05-19,833,N,VIIRS,n,2.0NRT,281.57,1.7,N
29.9058,-108.18104,304.8,0.46,0.47,2025-05-19,833,N,VIIRS,n,2.0NRT,280.9,1.7,N
29.90625,-108.18538,297.5,0.46,0.47,2025-05-19,833,N,VIIRS,n,2.0NRT,280.51,2.45,N
29.90669,-108.18972,315.3,0.46,0.47,2025-05-19,833,N,VIIRS,n,2.0NRT,282.23,2.45,N
29.90714,-108.19408,305.29,0.46,0.47,2025-05-19,833,N,VIIRS,n,2.0NRT,281.01,1.85,N
29.90777,-108.15709,303.25,0.46,0.47,2025-05-19,833,N,VIIRS,n,2.0NRT,282.04,1.59,N
29.90919,-108.1709,299.35,0.46,0.47,2025-05-19,833,N,VIIRS,n,2.0NRT,280.48,1.15,N
29.91015,-108.18017,316.12,0.46,0.47,2025-05-19,833,N,VIIRS,n,2.0NRT,282.34,1.7,N
29.9106,-108.18462,331.48,0.46,0.47,2025-05-19,833,N,VIIRS,n,2.0NRT,283.75,2.45,N
29.91107,-108.18912,315.99,0.46,0.47,2025-05-19,833,N,VIIRS,n,2.0NRT,281.86,2.45,N
29.91164,-108.15174,319.93,0.46,0.47,2025-05-19,833,N,VIIRS,n,2.0NRT,283.53,1.92,N
29.91212,-108.15635,329.59,0.46,0.47,2025-05-19,833,N,VIIRS,n,2.0NRT,283.05,2.61,N
29.9126,-108.16104,324.56,0.46,0.47,2025-05-19,833,N,VIIRS,n,2.0NRT,283.26,2.61,N
29.91307,-108.16555,306.47,0.46,0.47,2025-05-19,833,N,VIIRS,n,2.0NRT,282.12,1.7,N
29.91353,-108.17005,307.8,0.46,0.47,2025-05-19,833,N,VIIRS,n,2.0NRT,281.74,1.7,N
29.91401,-108.17471,321.95,0.46,0.47,2025-05-19,833,N,VIIRS,n,2.0NRT,281.96,3.46,N
29.9145,-108.17937,341.45,0.46,0.47,2025-05-19,833,N,VIIRS,n,2.0NRT,285.99,3.46,N
29.91496,-108.18392,337.11,0.46,0.47,2025-05-19,833,N,VIIRS,n,2.0NRT,284.23,6.35,N
29.91602,-108.15133,303.83,0.46,0.47,2025-05-19,833,N,VIIRS,n,2.0NRT,283.85,1.92,N
29.91652,-108.1561,311.67,0.46,0.47,2025-05-19,833,N,VIIRS,n,2.0NRT,284.59,2.61,N
29.917,-108.16075,297.38,0.46,0.47,2025-05-19,833,N,VIIRS,n,2.0NRT,282.71,2.61,N
29.91839,-108.17417,302.76,0.46,0.47,2025-05-19,833,N,VIIRS,n,2.0NRT,282.14,3.46,N
30.49429,-109.62954,350.21,0.57,0.52,2025-05-19,833,N,VIIRS,n,2.0NRT,288.76,13.59,N
42.68391,-111.59107,351.34,0.6,0.53,2025-05-19,1009,N,VIIRS,n,2.0NRT,275.1,31.41,N
42.68568,-111.58965,343.8,0.6,0.53,2025-05-19,1009,N,VIIRS,n,2.0NRT,278.43,22.18,N
45.64648,-120.21445,295.42,0.39,0.36,2025-05-19,1009,N,VIIRS,n,2.0NRT,276.43,0.49,N
46.29472,-119.07182,295.37,0.4,0.37,2025-05-19,1009,N,VIIRS,n,2.0NRT,277.59,0.25,N
32.58293,-115.50997,316.88,0.33,0.55,2025-05-19,1011,N,VIIRS,n,2.0NRT,289.09,1.08,N
32.85749,-117.0283,302.51,0.54,0.51,2025-05-19,1011,N,VIIRS,n,2.0NRT,283.1,0.75,N
32.85859,-117.14925,295.17,0.53,0.5,2025-05-19,1011,N,VIIRS,n,2.0NRT,281.05,0.45,N
33.71505,-117.71338,296.02,0.48,0.48,2025-05-19,1011,N,VIIRS,n,2.0NRT,282.81,0.65,N
33.79486,-117.47281,299.1,0.49,0.48,2025-05-19,1011,N,VIIRS,n,2.0NRT,284.97,1.22,N
34.02328,-118.02579,326.08,0.45,0.47,2025-05-19,1011,N,VIIRS,n,2.0NRT,285.11,2.77,N
34.04229,-117.82261,295.85,0.46,0.47,2025-05-19,1011,N,VIIRS,n,2.0NRT,283.36,0.23,N
34.14346,-117.42847,297.5,0.48,0.48,2025-05-19,1011,N,VIIRS,n,2.0NRT,283.33,0.41,N
34.15256,-118.1929,311.03,0.44,0.46,2025-05-19,1011,N,VIIRS,n,2.0NRT,283.54,1.27,N
34.29305,-118.80203,309.35,0.41,0.45,2025-05-19,1011,N,VIIRS,n,2.0NRT,283.92,1.11,N
34.31884,-118.51179,298.47,0.42,0.45,2025-05-19,1011,N,VIIRS,n,2.0NRT,284.65,0.5,N
34.33413,-118.52205,302.11,0.42,0.45,2025-05-19,1011,N,VIIRS,n,2.0NRT,285.97,1.4,N
34.35389,-116.85053,296.03,0.51,0.5,2025-05-19,1011,N,VIIRS,n,2.0NRT,283.07,0.86,N
34.42998,-118.64607,310.23,0.41,0.45,2025-05-19,1011,N,VIIRS,n,2.0NRT,283.37,1.41,N
34.60963,-117.33607,308.35,0.48,0.48,2025-05-19,1011,N,VIIRS,n,2.0NRT,285.99,2.08,N
34.62188,-117.10149,307.79,0.49,0.49,2025-05-19,1011,N,VIIRS,n,2.0NRT,286.54,1.97,N
35.47412,-118.67996,298.96,0.39,0.44,2025-05-19,1011,N,VIIRS,n,2.0NRT,279.79,1.04,N
35.48357,-118.70466,299.37,0.39,0.44,2025-05-19,1011,N,VIIRS,n,2.0NRT,283.98,0.45,N
36.35712,-114.9099,305.35,0.59,0.53,2025-05-19,1011,N,VIIRS,n,2.0NRT,288.09,1.76,N
36.35887,-114.90874,303.67,0.59,0.53,2025-05-19,1011,N,VIIRS,n,2.0NRT,288.23,0.82,N
36.52057,-119.96536,309.45,0.49,0.4,2025-05-19,1011,N,VIIRS,n,2.0NRT,284.73,1.15,N
36.65946,-120.54144,298.09,0.46,0.39,2025-05-19,1011,N,VIIRS,n,2.0NRT,287.96,0.58,N
36.66303,-120.54038,344.04,0.46,0.39,2025-05-19,1011,N,VIIRS,n,2.0NRT,289.35,6.56,N
36.66386,-120.13628,296.66,0.48,0.4,2025-05-19,1011,N,VIIRS,n,2.0NRT,285.76,0.44,N
37.0876,-120.32863,295.45,0.47,0.39,2025-05-19,1011,N,VIIRS,n,2.0NRT,284.06,0.7,N
37.08799,-120.32993,295.41,0.47,0.39,2025-05-19,1011,N,VIIRS,n,2.0NRT,284.06,0.53,N
37.09433,-120.67793,315.69,0.45,0.39,2025-05-19,1011,N,VIIRS,n,2.0NRT,289.3,1.38,N
37.18489,-121.67822,300.39,0.42,0.38,2025-05-19,1011,N,VIIRS,n,2.0NRT,285.77,0.58,N
37.21397,-121.89922,295.79,0.41,0.37,2025-05-19,1011,N,VIIRS,n,2.0NRT,283.86,0.22,N
37.45641,-121.9328,308.27,0.41,0.37,2025-05-19,1011,N,VIIRS,n,2.0NRT,284.39,1.04,N
37.595,-121.3083,343.86,0.43,0.38,2025-05-19,1011,N,VIIRS,n,2.0NRT,290.23,7.47,N
37.62119,-120.93238,313.31,0.44,0.38,2025-05-19,1011,N,VIIRS,n,2.0NRT,286.63,1.14,N
37.88285,-121.18321,303.77,0.43,0.38,2025-05-19,1011,N,VIIRS,n,2.0NRT,286.17,0.61,N
37.95072,-122.39993,305.15,0.4,0.37,2025-05-19,1011,N,VIIRS,n,2.0NRT,292.85,1.25,N
38.03262,-122.10015,300.79,0.4,0.37,2025-05-19,1011,N,VIIRS,n,2.0NRT,286.52,0.61,N
38.07071,-122.13718,305.24,0.4,0.37,2025-05-19,1011,N,VIIRS,n,2.0NRT,291.65,1.1,N
38.21711,-121.98577,299.83,0.4,0.37,2025-05-19,1011,N,VIIRS,n,2.0NRT,286.29,0.5,N
38.30017,-122.74963,295.68,0.39,0.36,2025-05-19,1011,N,VIIRS,n,2.0NRT,283.91,0.53,N
39.49313,-119.61896,295.46,0.46,0.39,2025-05-19,1011,N,VIIRS,n,2.0NRT,278.35,0.65,N
32.39904,-116.74393,304.55,0.57,0.52,2025-05-19,1013,N,VIIRS,n,2.0NRT,284.41,1.21,N
